contractSymbol,strike,currency,lastPrice,change,percentChange,openInterest,bid,ask,contractSize,expiration,lastTradeDate,impliedVolatility,inTheMoney,volume,strikeType,symbol
TSLA220624C00200000,200.0,USD,496.03,0.0,0.0,0.0,0.0,0.0,REGULAR,2022-06-24 05:30:00,2022-06-16 00:51:25,1.0000000000000003e-05,True,,call,TSLA
TSLA220624C00250000,250.0,USD,406.5,0.0,0.0,0.0,0.0,0.0,REGULAR,2022-06-24 05:30:00,2022-06-14 20:56:58,1.0000000000000003e-05,True,2.0,call,TSLA
TSLA220624C00300000,300.0,USD,346.0,0.0,0.0,0.0,0.0,0.0,REGULAR,2022-06-24 05:30:00,2022-06-17 19:57:07,1.0000000000000003e-05,True,14.0,call,TSLA
TSLA220624C00350000,350.0,USD,305.75,0.0,0.0,0.0,0.0,0.0,REGULAR,2022-06-24 05:30:00,2022-06-18 00:14:44,1.0000000000000003e-05,True,195.0,call,TSLA
TSLA220624C00400000,400.0,USD,255.37,0.0,0.0,0.0,0.0,0.0,REGULAR,2022-06-24 05:30:00,2022-06-17 23:27:58,1.0000000000000003e-05,True,1.0,call,TSLA
TSLA220624C00410000,410.0,USD,291.2,0.0,0.0,0.0,0.0,0.0,REGULAR,2022-06-24 05:30:00,2022-06-11 00:31:47,1.0000000000000003e-05,True,,call,TSLA
TSLA220624C00420000,420.0,USD,371.52,0.0,0.0,0.0,0.0,0.0,REGULAR,2022-06-24 05:30:00,2022-06-02 21:21:58,1.0000000000000003e-05,True,,call,TSLA
TSLA220624C00430000,430.0,USD,216.85,0.0,0.0,0.0,0.0,0.0,REGULAR,2022-06-24 05:30:00,2022-06-17 21:23:08,1.0000000000000003e-05,True,2.0,call,TSLA
TSLA220624C00440000,440.0,USD,207.0,0.0,0.0,0.0,0.0,0.0,REGULAR,2022-06-24 05:30:00,2022-06-17 20:32:27,1.0000000000000003e-05,True,2.0,call,TSLA
TSLA220624C00450000,450.0,USD,204.7,0.0,0.0,0.0,0.0,0.0,REGULAR,2022-06-24 05:30:00,2022-06-18 00:16:33,1.0000000000000003e-05,True,13.0,call,TSLA
TSLA220624C00460000,460.0,USD,196.84,0.0,0.0,0.0,0.0,0.0,REGULAR,2022-06-24 05:30:00,2022-06-17 22:39:40,1.0000000000000003e-05,True,1.0,call,TSLA
TSLA220624C00470000,470.0,USD,180.64,0.0,0.0,0.0,0.0,0.0,REGULAR,2022-06-24 05:30:00,2022-06-17 20:46:43,1.0000000000000003e-05,True,1.0,call,TSLA
TSLA220624C00480000,480.0,USD,170.94,0.0,0.0,0.0,0.0,0.0,REGULAR,2022-06-24 05:30:00,2022-06-17 20:46:43,1.0000000000000003e-05,True,1.0,call,TSLA
TSLA220624C00490000,490.0,USD,210.5,0.0,0.0,0.0,0.0,0.0,REGULAR,2022-06-24 05:30:00,2022-06-10 19:04:54,1.0000000000000003e-05,True,12.0,call,TSLA
TSLA220624C00500000,500.0,USD,148.03,0.0,0.0,0.0,0.0,0.0,REGULAR,2022-06-24 05:30:00,2022-06-17 21:41:21,1.0000000000000003e-05,True,13.0,call,TSLA
TSLA220624C00505000,505.0,USD,148.5,0.0,0.0,0.0,0.0,0.0,REGULAR,2022-06-24 05:30:00,2022-06-17 20:49:01,1.0000000000000003e-05,True,4.0,call,TSLA
TSLA220624C00510000,510.0,USD,147.01,0.0,0.0,0.0,0.0,0.0,REGULAR,2022-06-24 05:30:00,2022-06-17 22:58:16,1.0000000000000003e-05,True,22.0,call,TSLA
TSLA220624C00515000,515.0,USD,142.11,0.0,0.0,0.0,0.0,0.0,REGULAR,2022-06-24 05:30:00,2022-06-17 22:58:16,1.0000000000000003e-05,True,21.0,call,TSLA
TSLA220624C00520000,520.0,USD,181.3,0.0,0.0,0.0,0.0,0.0,REGULAR,2022-06-24 05:30:00,2022-06-16 00:12:26,1.0000000000000003e-05,True,1.0,call,TSLA
TSLA220624C00525000,525.0,USD,132.44,0.0,0.0,0.0,0.0,0.0,REGULAR,2022-06-24 05:30:00,2022-06-17 19:30:51,1.0000000000000003e-05,True,1.0,call,TSLA
TSLA220624C00530000,530.0,USD,116.91,0.0,0.0,0.0,0.0,0.0,REGULAR,2022-06-24 05:30:00,2022-06-16 22:34:12,1.0000000000000003e-05,True,9.0,call,TSLA
TSLA220624C00535000,535.0,USD,116.85,0.0,0.0,0.0,0.0,0.0,REGULAR,2022-06-24 05:30:00,2022-06-14 20:07:19,1.0000000000000003e-05,True,32.0,call,TSLA
TSLA220624C00540000,540.0,USD,113.68,0.0,0.0,0.0,0.0,0.0,REGULAR,2022-06-24 05:30:00,2022-06-18 00:56:00,1.0000000000000003e-05,True,19.0,call,TSLA
TSLA220624C00545000,545.0,USD,108.93,0.0,0.0,0.0,0.0,0.0,REGULAR,2022-06-24 05:30:00,2022-06-18 00:56:00,1.0000000000000003e-05,True,3.0,call,TSLA
TSLA220624C00550000,550.0,USD,102.5,0.0,0.0,0.0,0.0,0.0,REGULAR,2022-06-24 05:30:00,2022-06-18 01:20:23,1.0000000000000003e-05,True,203.0,call,TSLA
TSLA220624C00555000,555.0,USD,104.21,0.0,0.0,0.0,0.0,0.0,REGULAR,2022-06-24 05:30:00,2022-06-17 22:39:40,1.0000000000000003e-05,True,12.0,call,TSLA
TSLA220624C00560000,560.0,USD,95.02,0.0,0.0,0.0,0.0,0.0,REGULAR,2022-06-24 05:30:00,2022-06-18 01:11:32,1.0000000000000003e-05,True,15.0,call,TSLA
TSLA220624C00565000,565.0,USD,84.9,0.0,0.0,0.0,0.0,0.0,REGULAR,2022-06-24 05:30:00,2022-06-17 20:20:00,1.0000000000000003e-05,True,6.0,call,TSLA
TSLA220624C00570000,570.0,USD,85.51,0.0,0.0,0.0,0.0,0.0,REGULAR,2022-06-24 05:30:00,2022-06-18 01:27:34,1.0000000000000003e-05,True,255.0,call,TSLA
TSLA220624C00575000,575.0,USD,81.58,0.0,0.0,0.0,0.0,0.0,REGULAR,2022-06-24 05:30:00,2022-06-18 01:24:56,1.0000000000000003e-05,True,37.0,call,TSLA
TSLA220624C00580000,580.0,USD,76.12,0.0,0.0,0.0,0.0,0.0,REGULAR,2022-06-24 05:30:00,2022-06-18 01:17:44,1.0000000000000003e-05,True,63.0,call,TSLA
TSLA220624C00585000,585.0,USD,70.95,0.0,0.0,0.0,0.0,0.0,REGULAR,2022-06-24 05:30:00,2022-06-17 21:19:25,1.0000000000000003e-05,True,29.0,call,TSLA
TSLA220624C00590000,590.0,USD,67.9,0.0,0.0,0.0,0.0,0.0,REGULAR,2022-06-24 05:30:00,2022-06-18 01:13:28,1.0000000000000003e-05,True,199.0,call,TSLA
TSLA220624C00595000,595.0,USD,67.26,0.0,0.0,0.0,0.0,0.0,REGULAR,2022-06-24 05:30:00,2022-06-17 23:55:03,1.0000000000000003e-05,True,8.0,call,TSLA
TSLA220624C00600000,600.0,USD,60.05,0.0,0.0,0.0,0.0,0.0,REGULAR,2022-06-24 05:30:00,2022-06-18 01:27:51,1.0000000000000003e-05,True,753.0,call,TSLA
TSLA220624C00605000,605.0,USD,56.53,0.0,0.0,0.0,0.0,0.0,REGULAR,2022-06-24 05:30:00,2022-06-18 01:01:23,1.0000000000000003e-05,True,33.0,call,TSLA
TSLA220624C00610000,610.0,USD,51.77,0.0,0.0,0.0,0.0,0.0,REGULAR,2022-06-24 05:30:00,2022-06-18 01:17:35,1.0000000000000003e-05,True,178.0,call,TSLA
TSLA220624C00615000,615.0,USD,47.7,0.0,0.0,0.0,0.0,0.0,REGULAR,2022-06-24 05:30:00,2022-06-18 01:22:08,1.0000000000000003e-05,True,12.0,call,TSLA
TSLA220624C00620000,620.0,USD,44.3,0.0,0.0,0.0,0.0,0.0,REGULAR,2022-06-24 05:30:00,2022-06-18 01:29:43,1.0000000000000003e-05,True,441.0,call,TSLA
TSLA220624C00625000,625.0,USD,41.15,0.0,0.0,0.0,0.0,0.0,REGULAR,2022-06-24 05:30:00,2022-06-18 01:28:00,1.0000000000000003e-05,True,348.0,call,TSLA
TSLA220624C00630000,630.0,USD,37.35,0.0,0.0,0.0,0.0,0.0,REGULAR,2022-06-24 05:30:00,2022-06-18 01:29:42,1.0000000000000003e-05,True,1121.0,call,TSLA
TSLA220624C00635000,635.0,USD,34.08,0.0,0.0,0.0,0.0,0.0,REGULAR,2022-06-24 05:30:00,2022-06-18 01:29:39,1.0000000000000003e-05,True,574.0,call,TSLA
TSLA220624C00640000,640.0,USD,30.96,0.0,0.0,0.0,0.0,0.0,REGULAR,2022-06-24 05:30:00,2022-06-18 01:29:50,1.0000000000000003e-05,True,3933.0,call,TSLA
TSLA220624C00645000,645.0,USD,28.15,0.0,0.0,0.0,0.0,0.0,REGULAR,2022-06-24 05:30:00,2022-06-18 01:29:41,1.0000000000000003e-05,True,3272.0,call,TSLA
TSLA220624C00650000,650.0,USD,25.3,0.0,0.0,0.0,0.0,0.0,REGULAR,2022-06-24 05:30:00,2022-06-18 01:29:59,1.0000000000000003e-05,True,17620.0,call,TSLA
TSLA220624C00655000,655.0,USD,22.88,0.0,0.0,0.0,0.0,0.0,REGULAR,2022-06-24 05:30:00,2022-06-18 01:29:59,0.015634843750000002,False,6641.0,call,TSLA
TSLA220624C00660000,660.0,USD,20.34,0.0,0.0,0.0,0.0,0.0,REGULAR,2022-06-24 05:30:00,2022-06-18 01:29:59,0.0312596875,False,8918.0,call,TSLA
TSLA220624C00665000,665.0,USD,18.05,0.0,0.0,0.0,0.0,0.0,REGULAR,2022-06-24 05:30:00,2022-06-18 01:29:46,0.062509375,False,3473.0,call,TSLA
TSLA220624C00670000,670.0,USD,16.06,0.0,0.0,0.0,0.0,0.0,REGULAR,2022-06-24 05:30:00,2022-06-18 01:29:56,0.062509375,False,5513.0,call,TSLA
TSLA220624C00675000,675.0,USD,14.25,0.0,0.0,0.0,0.0,0.0,REGULAR,2022-06-24 05:30:00,2022-06-18 01:29:58,0.062509375,False,3795.0,call,TSLA
TSLA220624C00680000,680.0,USD,12.36,0.0,0.0,0.0,0.0,0.0,REGULAR,2022-06-24 05:30:00,2022-06-18 01:29:50,0.12500875,False,5118.0,call,TSLA
TSLA220624C00685000,685.0,USD,10.8,0.0,0.0,0.0,0.0,0.0,REGULAR,2022-06-24 05:30:00,2022-06-18 01:29:42,0.12500875,False,1360.0,call,TSLA
TSLA220624C00690000,690.0,USD,9.3,0.0,0.0,0.0,0.0,0.0,REGULAR,2022-06-24 05:30:00,2022-06-18 01:29:55,0.12500875,False,4035.0,call,TSLA
TSLA220624C00695000,695.0,USD,8.05,0.0,0.0,0.0,0.0,0.0,REGULAR,2022-06-24 05:30:00,2022-06-18 01:29:50,0.12500875,False,1682.0,call,TSLA
TSLA220624C00700000,700.0,USD,6.9,0.0,0.0,0.0,0.0,0.0,REGULAR,2022-06-24 05:30:00,2022-06-18 01:29:59,0.12500875,False,21312.0,call,TSLA
TSLA220624C00705000,705.0,USD,5.98,0.0,0.0,0.0,0.0,0.0,REGULAR,2022-06-24 05:30:00,2022-06-18 01:29:57,0.12500875,False,1997.0,call,TSLA
TSLA220624C00710000,710.0,USD,5.08,0.0,0.0,0.0,0.0,0.0,REGULAR,2022-06-24 05:30:00,2022-06-18 01:29:48,0.12500875,False,5735.0,call,TSLA
TSLA220624C00715000,715.0,USD,4.35,0.0,0.0,0.0,0.0,0.0,REGULAR,2022-06-24 05:30:00,2022-06-18 01:29:48,0.2500075,False,1636.0,call,TSLA
TSLA220624C00717500,717.5,USD,3.9,0.0,0.0,0.0,0.0,0.0,REGULAR,2022-06-24 05:30:00,2022-06-18 01:29:12,0.2500075,False,495.0,call,TSLA
TSLA220624C00720000,720.0,USD,3.6,0.0,0.0,0.0,0.0,0.0,REGULAR,2022-06-24 05:30:00,2022-06-18 01:29:56,0.2500075,False,3793.0,call,TSLA
TSLA220624C00722500,722.5,USD,3.25,0.0,0.0,0.0,0.0,0.0,REGULAR,2022-06-24 05:30:00,2022-06-18 01:29:24,0.2500075,False,926.0,call,TSLA
TSLA220624C00725000,725.0,USD,3.05,0.0,0.0,0.0,0.0,0.0,REGULAR,2022-06-24 05:30:00,2022-06-18 01:29:48,0.2500075,False,2777.0,call,TSLA
TSLA220624C00727500,727.5,USD,2.79,0.0,0.0,0.0,0.0,0.0,REGULAR,2022-06-24 05:30:00,2022-06-18 01:29:13,0.2500075,False,457.0,call,TSLA
TSLA220624C00730000,730.0,USD,2.56,0.0,0.0,0.0,0.0,0.0,REGULAR,2022-06-24 05:30:00,2022-06-18 01:29:28,0.2500075,False,7681.0,call,TSLA
TSLA220624C00732500,732.5,USD,2.38,0.0,0.0,0.0,0.0,0.0,REGULAR,2022-06-24 05:30:00,2022-06-18 01:28:55,0.2500075,False,497.0,call,TSLA
TSLA220624C00735000,735.0,USD,2.15,0.0,0.0,0.0,0.0,0.0,REGULAR,2022-06-24 05:30:00,2022-06-18 01:29:28,0.2500075,False,821.0,call,TSLA
TSLA220624C00737500,737.5,USD,2.15,0.0,0.0,0.0,0.0,0.0,REGULAR,2022-06-24 05:30:00,2022-06-18 01:25:37,0.2500075,False,336.0,call,TSLA
TSLA220624C00740000,740.0,USD,1.85,0.0,0.0,0.0,0.0,0.0,REGULAR,2022-06-24 05:30:00,2022-06-18 01:29:58,0.2500075,False,1404.0,call,TSLA
TSLA220624C00742500,742.5,USD,1.73,0.0,0.0,0.0,0.0,0.0,REGULAR,2022-06-24 05:30:00,2022-06-18 01:28:00,0.2500075,False,301.0,call,TSLA
TSLA220624C00745000,745.0,USD,1.57,0.0,0.0,0.0,0.0,0.0,REGULAR,2022-06-24 05:30:00,2022-06-18 01:29:59,0.2500075,False,909.0,call,TSLA
TSLA220624C00750000,750.0,USD,1.28,0.0,0.0,0.0,0.0,0.0,REGULAR,2022-06-24 05:30:00,2022-06-18 01:29:57,0.2500075,False,9211.0,call,TSLA
TSLA220624C00755000,755.0,USD,1.12,0.0,0.0,0.0,0.0,0.0,REGULAR,2022-06-24 05:30:00,2022-06-18 01:29:59,0.2500075,False,721.0,call,TSLA
TSLA220624C00760000,760.0,USD,0.92,0.0,0.0,0.0,0.0,0.0,REGULAR,2022-06-24 05:30:00,2022-06-18 01:29:42,0.2500075,False,2024.0,call,TSLA
TSLA220624C00765000,765.0,USD,0.8,0.0,0.0,0.0,0.0,0.0,REGULAR,2022-06-24 05:30:00,2022-06-18 01:28:47,0.2500075,False,516.0,call,TSLA
TSLA220624C00770000,770.0,USD,0.65,0.0,0.0,0.0,0.0,0.0,REGULAR,2022-06-24 05:30:00,2022-06-18 01:29:48,0.2500075,False,799.0,call,TSLA
TSLA220624C00775000,775.0,USD,0.56,0.0,0.0,0.0,0.0,0.0,REGULAR,2022-06-24 05:30:00,2022-06-18 01:29:49,0.2500075,False,716.0,call,TSLA
TSLA220624C00780000,780.0,USD,0.49,0.0,0.0,0.0,0.0,0.0,REGULAR,2022-06-24 05:30:00,2022-06-18 01:28:51,0.2500075,False,1792.0,call,TSLA
TSLA220624C00785000,785.0,USD,0.38,0.0,0.0,0.0,0.0,0.0,REGULAR,2022-06-24 05:30:00,2022-06-18 01:29:07,0.2500075,False,479.0,call,TSLA
TSLA220624C00790000,790.0,USD,0.34,0.0,0.0,0.0,0.0,0.0,REGULAR,2022-06-24 05:30:00,2022-06-18 01:29:43,0.500005,False,4963.0,call,TSLA
TSLA220624C00795000,795.0,USD,0.3,0.0,0.0,0.0,0.0,0.0,REGULAR,2022-06-24 05:30:00,2022-06-18 01:29:08,0.500005,False,226.0,call,TSLA
TSLA220624C00800000,800.0,USD,0.27,0.0,0.0,0.0,0.0,0.0,REGULAR,2022-06-24 05:30:00,2022-06-18 01:29:59,0.500005,False,11251.0,call,TSLA
TSLA220624C00805000,805.0,USD,0.22,0.0,0.0,0.0,0.0,0.0,REGULAR,2022-06-24 05:30:00,2022-06-18 01:29:44,0.500005,False,520.0,call,TSLA
TSLA220624C00810000,810.0,USD,0.17,0.0,0.0,0.0,0.0,0.0,REGULAR,2022-06-24 05:30:00,2022-06-18 01:29:21,0.500005,False,878.0,call,TSLA
TSLA220624C00815000,815.0,USD,0.18,0.0,0.0,0.0,0.0,0.0,REGULAR,2022-06-24 05:30:00,2022-06-18 01:29:21,0.500005,False,272.0,call,TSLA
TSLA220624C00820000,820.0,USD,0.16,0.0,0.0,0.0,0.0,0.0,REGULAR,2022-06-24 05:30:00,2022-06-18 01:26:08,0.500005,False,502.0,call,TSLA
TSLA220624C00825000,825.0,USD,0.14,0.0,0.0,0.0,0.0,0.0,REGULAR,2022-06-24 05:30:00,2022-06-18 01:25:03,0.500005,False,275.0,call,TSLA
TSLA220624C00830000,830.0,USD,0.11,0.0,0.0,0.0,0.0,0.0,REGULAR,2022-06-24 05:30:00,2022-06-18 01:29:32,0.500005,False,748.0,call,TSLA
TSLA220624C00835000,835.0,USD,0.12,0.0,0.0,0.0,0.0,0.0,REGULAR,2022-06-24 05:30:00,2022-06-18 01:29:18,0.500005,False,82.0,call,TSLA
TSLA220624C00840000,840.0,USD,0.1,0.0,0.0,0.0,0.0,0.0,REGULAR,2022-06-24 05:30:00,2022-06-18 01:27:34,0.500005,False,484.0,call,TSLA
TSLA220624C00845000,845.0,USD,0.07,0.0,0.0,0.0,0.0,0.0,REGULAR,2022-06-24 05:30:00,2022-06-18 01:28:50,0.500005,False,103.0,call,TSLA
TSLA220624C00850000,850.0,USD,0.07,0.0,0.0,0.0,0.0,0.0,REGULAR,2022-06-24 05:30:00,2022-06-18 01:29:25,0.500005,False,2405.0,call,TSLA
TSLA220624C00855000,855.0,USD,0.08,0.0,0.0,0.0,0.0,0.0,REGULAR,2022-06-24 05:30:00,2022-06-18 00:57:07,0.500005,False,98.0,call,TSLA
TSLA220624C00860000,860.0,USD,0.08,0.0,0.0,0.0,0.0,0.0,REGULAR,2022-06-24 05:30:00,2022-06-18 01:28:29,0.500005,False,219.0,call,TSLA
TSLA220624C00865000,865.0,USD,0.05,0.0,0.0,0.0,0.0,0.0,REGULAR,2022-06-24 05:30:00,2022-06-18 01:16:01,0.500005,False,59.0,call,TSLA
TSLA220624C00870000,870.0,USD,0.05,0.0,0.0,0.0,0.0,0.0,REGULAR,2022-06-24 05:30:00,2022-06-18 01:13:03,0.500005,False,85.0,call,TSLA
TSLA220624C00875000,875.0,USD,0.07,0.0,0.0,0.0,0.0,0.0,REGULAR,2022-06-24 05:30:00,2022-06-17 23:19:27,0.500005,False,35.0,call,TSLA
TSLA220624C00880000,880.0,USD,0.05,0.0,0.0,0.0,0.0,0.0,REGULAR,2022-06-24 05:30:00,2022-06-18 01:21:44,0.500005,False,70.0,call,TSLA
TSLA220624C00885000,885.0,USD,0.06,0.0,0.0,0.0,0.0,0.0,REGULAR,2022-06-24 05:30:00,2022-06-18 00:33:40,0.500005,False,40.0,call,TSLA
TSLA220624C00890000,890.0,USD,0.03,0.0,0.0,0.0,0.0,0.0,REGULAR,2022-06-24 05:30:00,2022-06-18 01:27:01,0.500005,False,80.0,call,TSLA
TSLA220624C00895000,895.0,USD,0.04,0.0,0.0,0.0,0.0,0.0,REGULAR,2022-06-24 05:30:00,2022-06-18 01:20:21,0.500005,False,143.0,call,TSLA
TSLA220624C00900000,900.0,USD,0.04,0.0,0.0,0.0,0.0,0.0,REGULAR,2022-06-24 05:30:00,2022-06-18 01:28:50,0.500005,False,419.0,call,TSLA
TSLA220624C00905000,905.0,USD,0.04,0.0,0.0,0.0,0.0,0.0,REGULAR,2022-06-24 05:30:00,2022-06-18 01:16:48,0.500005,False,315.0,call,TSLA
TSLA220624C00910000,910.0,USD,0.03,0.0,0.0,0.0,0.0,0.0,REGULAR,2022-06-24 05:30:00,2022-06-18 01:21:20,0.500005,False,37.0,call,TSLA
TSLA220624C00915000,915.0,USD,0.03,0.0,0.0,0.0,0.0,0.0,REGULAR,2022-06-24 05:30:00,2022-06-17 23:59:49,0.500005,False,6.0,call,TSLA
TSLA220624C00920000,920.0,USD,0.04,0.0,0.0,0.0,0.0,0.0,REGULAR,2022-06-24 05:30:00,2022-06-17 23:15:30,0.500005,False,137.0,call,TSLA
TSLA220624C00925000,925.0,USD,0.03,0.0,0.0,0.0,0.0,0.0,REGULAR,2022-06-24 05:30:00,2022-06-18 01:16:04,0.500005,False,65.0,call,TSLA
TSLA220624C00930000,930.0,USD,0.03,0.0,0.0,0.0,0.0,0.0,REGULAR,2022-06-24 05:30:00,2022-06-18 01:16:02,0.500005,False,1.0,call,TSLA
TSLA220624C00935000,935.0,USD,0.03,0.0,0.0,0.0,0.0,0.0,REGULAR,2022-06-24 05:30:00,2022-06-18 01:28:17,0.500005,False,10.0,call,TSLA
TSLA220624C00940000,940.0,USD,0.04,0.0,0.0,0.0,0.0,0.0,REGULAR,2022-06-24 05:30:00,2022-06-17 21:13:17,0.500005,False,30.0,call,TSLA
TSLA220624C00945000,945.0,USD,0.03,0.0,0.0,0.0,0.0,0.0,REGULAR,2022-06-24 05:30:00,2022-06-18 01:16:04,0.500005,False,31.0,call,TSLA
TSLA220624C00950000,950.0,USD,0.04,0.0,0.0,0.0,0.0,0.0,REGULAR,2022-06-24 05:30:00,2022-06-18 00:46:48,0.500005,False,32.0,call,TSLA
TSLA220624C00955000,955.0,USD,0.15,0.0,0.0,0.0,0.0,0.0,REGULAR,2022-06-24 05:30:00,2022-06-17 20:12:12,0.500005,False,6.0,call,TSLA
TSLA220624C00960000,960.0,USD,0.05,0.0,0.0,0.0,0.0,0.0,REGULAR,2022-06-24 05:30:00,2022-06-18 00:32:47,0.500005,False,13.0,call,TSLA
TSLA220624C00965000,965.0,USD,0.02,0.0,0.0,0.0,0.0,0.0,REGULAR,2022-06-24 05:30:00,2022-06-18 01:22:04,0.500005,False,2.0,call,TSLA
TSLA220624C00970000,970.0,USD,0.08,0.0,0.0,0.0,0.0,0.0,REGULAR,2022-06-24 05:30:00,2022-06-17 19:01:33,0.500005,False,1.0,call,TSLA
TSLA220624C00975000,975.0,USD,0.02,0.0,0.0,0.0,0.0,0.0,REGULAR,2022-06-24 05:30:00,2022-06-18 01:19:35,0.500005,False,67.0,call,TSLA
TSLA220624C00980000,980.0,USD,0.03,0.0,0.0,0.0,0.0,0.0,REGULAR,2022-06-24 05:30:00,2022-06-18 00:50:40,0.500005,False,192.0,call,TSLA
TSLA220624C00985000,985.0,USD,0.02,0.0,0.0,0.0,0.0,0.0,REGULAR,2022-06-24 05:30:00,2022-06-18 00:14:36,0.500005,False,1.0,call,TSLA
TSLA220624C00990000,990.0,USD,0.02,0.0,0.0,0.0,0.0,0.0,REGULAR,2022-06-24 05:30:00,2022-06-18 01:15:36,0.500005,False,65.0,call,TSLA
TSLA220624C00995000,995.0,USD,0.03,0.0,0.0,0.0,0.0,0.0,REGULAR,2022-06-24 05:30:00,2022-06-17 21:41:27,0.500005,False,54.0,call,TSLA
TSLA220624C01000000,1000.0,USD,0.02,0.0,0.0,0.0,0.0,0.0,REGULAR,2022-06-24 05:30:00,2022-06-18 01:27:33,0.500005,False,247.0,call,TSLA
TSLA220624C01005000,1005.0,USD,0.02,0.0,0.0,0.0,0.0,0.0,REGULAR,2022-06-24 05:30:00,2022-06-18 00:07:53,0.500005,False,14.0,call,TSLA
TSLA220624C01010000,1010.0,USD,0.04,0.0,0.0,0.0,0.0,0.0,REGULAR,2022-06-24 05:30:00,2022-06-17 19:11:50,0.500005,False,10.0,call,TSLA
TSLA220624C01015000,1015.0,USD,0.03,0.0,0.0,0.0,0.0,0.0,REGULAR,2022-06-24 05:30:00,2022-06-17 19:42:50,0.500005,False,1.0,call,TSLA
TSLA220624C01020000,1020.0,USD,0.02,0.0,0.0,0.0,0.0,0.0,REGULAR,2022-06-24 05:30:00,2022-06-17 19:11:50,0.500005,False,10.0,call,TSLA
TSLA220624C01025000,1025.0,USD,0.02,0.0,0.0,0.0,0.0,0.0,REGULAR,2022-06-24 05:30:00,2022-06-16 21:18:01,0.500005,False,22.0,call,TSLA
TSLA220624C01030000,1030.0,USD,0.07,0.0,0.0,0.0,0.0,0.0,REGULAR,2022-06-24 05:30:00,2022-06-16 01:06:20,0.500005,False,81.0,call,TSLA
TSLA220624C01040000,1040.0,USD,0.02,0.0,0.0,0.0,0.0,0.0,REGULAR,2022-06-24 05:30:00,2022-06-17 23:53:06,0.500005,False,1.0,call,TSLA
TSLA220624C01050000,1050.0,USD,0.02,0.0,0.0,0.0,0.0,0.0,REGULAR,2022-06-24 05:30:00,2022-06-18 00:57:06,0.500005,False,28.0,call,TSLA
TSLA220624C01060000,1060.0,USD,0.02,0.0,0.0,0.0,0.0,0.0,REGULAR,2022-06-24 05:30:00,2022-06-17 20:41:45,0.500005,False,21.0,call,TSLA
TSLA220624C01070000,1070.0,USD,0.02,0.0,0.0,0.0,0.0,0.0,REGULAR,2022-06-24 05:30:00,2022-06-17 21:35:54,0.500005,False,87.0,call,TSLA
TSLA220624C01075000,1075.0,USD,0.03,0.0,0.0,0.0,0.0,0.0,REGULAR,2022-06-24 05:30:00,2022-06-16 19:15:24,0.500005,False,1.0,call,TSLA
TSLA220624C01080000,1080.0,USD,0.01,0.0,0.0,0.0,0.0,0.0,REGULAR,2022-06-24 05:30:00,2022-06-17 00:38:19,0.500005,False,2.0,call,TSLA
TSLA220624C01090000,1090.0,USD,0.06,0.0,0.0,0.0,0.0,0.0,REGULAR,2022-06-24 05:30:00,2022-06-16 00:44:54,0.500005,False,1.0,call,TSLA
TSLA220624C01100000,1100.0,USD,0.03,0.0,0.0,0.0,0.0,0.0,REGULAR,2022-06-24 05:30:00,2022-06-18 01:22:18,0.500005,False,45.0,call,TSLA
TSLA220624C01110000,1110.0,USD,0.01,0.0,0.0,0.0,0.0,0.0,REGULAR,2022-06-24 05:30:00,2022-06-18 01:29:06,0.500005,False,7.0,call,TSLA
TSLA220624C01120000,1120.0,USD,0.05,0.0,0.0,0.0,0.0,0.0,REGULAR,2022-06-24 05:30:00,2022-06-16 00:45:52,0.500005,False,5.0,call,TSLA
TSLA220624C01125000,1125.0,USD,0.06,0.0,0.0,0.0,0.0,0.0,REGULAR,2022-06-24 05:30:00,2022-06-14 22:35:20,0.500005,False,4.0,call,TSLA
TSLA220624C01130000,1130.0,USD,0.03,0.0,0.0,0.0,0.0,0.0,REGULAR,2022-06-24 05:30:00,2022-06-15 20:18:22,0.500005,False,1.0,call,TSLA
TSLA220624C01140000,1140.0,USD,0.02,0.0,0.0,0.0,0.0,0.0,REGULAR,2022-06-24 05:30:00,2022-06-18 00:40:49,0.500005,False,1.0,call,TSLA
TSLA220624C01150000,1150.0,USD,0.06,0.0,0.0,0.0,0.0,0.0,REGULAR,2022-06-24 05:30:00,2022-06-16 00:09:59,0.500005,False,7.0,call,TSLA
TSLA220624C01160000,1160.0,USD,0.01,0.0,0.0,0.0,0.0,0.0,REGULAR,2022-06-24 05:30:00,2022-06-18 01:28:04,0.500005,False,18.0,call,TSLA
TSLA220624C01170000,1170.0,USD,0.04,0.0,0.0,0.0,0.0,0.0,REGULAR,2022-06-24 05:30:00,2022-06-16 19:15:02,0.500005,False,2.0,call,TSLA
TSLA220624C01175000,1175.0,USD,0.02,0.0,0.0,0.0,0.0,0.0,REGULAR,2022-06-24 05:30:00,2022-06-15 20:12:20,0.500005,False,5.0,call,TSLA
TSLA220624C01180000,1180.0,USD,0.1,0.0,0.0,0.0,0.0,0.0,REGULAR,2022-06-24 05:30:00,2022-06-13 19:00:12,0.500005,False,5.0,call,TSLA
TSLA220624C01190000,1190.0,USD,0.01,0.0,0.0,0.0,0.0,0.0,REGULAR,2022-06-24 05:30:00,2022-06-15 21:17:40,0.500005,False,1.0,call,TSLA
TSLA220624C01200000,1200.0,USD,0.01,0.0,0.0,0.0,0.0,0.0,REGULAR,2022-06-24 05:30:00,2022-06-17 23:49:05,0.500005,False,1.0,call,TSLA
TSLA220624C01210000,1210.0,USD,0.06,0.0,0.0,0.0,0.0,0.0,REGULAR,2022-06-24 05:30:00,2022-06-15 19:11:41,0.500005,False,1.0,call,TSLA
TSLA220624C01220000,1220.0,USD,0.05,0.0,0.0,0.0,0.0,0.0,REGULAR,2022-06-24 05:30:00,2022-06-10 19:14:42,0.500005,False,1.0,call,TSLA
TSLA220624C01230000,1230.0,USD,0.03,0.0,0.0,0.0,0.0,0.0,REGULAR,2022-06-24 05:30:00,2022-06-13 21:58:33,0.500005,False,5.0,call,TSLA
TSLA220624C01240000,1240.0,USD,0.08,0.0,0.0,0.0,0.0,0.0,REGULAR,2022-06-24 05:30:00,2022-06-10 19:49:59,0.500005,False,1.0,call,TSLA
TSLA220624C01250000,1250.0,USD,0.03,0.0,0.0,0.0,0.0,0.0,REGULAR,2022-06-24 05:30:00,2022-06-17 20:32:55,0.500005,False,1.0,call,TSLA
TSLA220624C01260000,1260.0,USD,0.13,0.0,0.0,0.0,0.0,0.0,REGULAR,2022-06-24 05:30:00,2022-06-09 20:13:45,0.500005,False,1.0,call,TSLA
TSLA220624C01270000,1270.0,USD,0.05,0.0,0.0,0.0,0.0,0.0,REGULAR,2022-06-24 05:30:00,2022-06-14 21:25:13,0.500005,False,1.0,call,TSLA
TSLA220624C01275000,1275.0,USD,0.02,0.0,0.0,0.0,0.0,0.0,REGULAR,2022-06-24 05:30:00,2022-06-16 19:00:41,0.500005,False,1.0,call,TSLA
TSLA220624C01300000,1300.0,USD,0.04,0.0,0.0,0.0,0.0,0.0,REGULAR,2022-06-24 05:30:00,2022-06-17 19:29:31,0.500005,False,10.0,call,TSLA
TSLA220624C01325000,1325.0,USD,0.01,0.0,0.0,0.0,0.0,0.0,REGULAR,2022-06-24 05:30:00,2022-06-16 19:00:00,0.500005,False,20.0,call,TSLA
TSLA220624C01350000,1350.0,USD,0.02,0.0,0.0,0.0,0.0,0.0,REGULAR,2022-06-24 05:30:00,2022-06-18 00:26:07,0.500005,False,1.0,call,TSLA
TSLA220624C01375000,1375.0,USD,0.01,0.0,0.0,0.0,0.0,0.0,REGULAR,2022-06-24 05:30:00,2022-06-17 23:49:12,0.500005,False,2.0,call,TSLA
TSLA220624C01400000,1400.0,USD,0.01,0.0,0.0,0.0,0.0,0.0,REGULAR,2022-06-24 05:30:00,2022-06-16 20:08:49,0.500005,False,8.0,call,TSLA
TSLA220624C01425000,1425.0,USD,0.01,0.0,0.0,0.0,0.0,0.0,REGULAR,2022-06-24 05:30:00,2022-06-11 01:14:15,0.500005,False,2.0,call,TSLA
TSLA220624C01450000,1450.0,USD,0.02,0.0,0.0,0.0,0.0,0.0,REGULAR,2022-06-24 05:30:00,2022-06-14 19:46:01,0.500005,False,51.0,call,TSLA
TSLA220624C01475000,1475.0,USD,0.01,0.0,0.0,0.0,0.0,0.0,REGULAR,2022-06-24 05:30:00,2022-06-15 20:24:49,0.500005,False,53.0,call,TSLA
TSLA220624C01500000,1500.0,USD,0.02,0.0,0.0,0.0,0.0,0.0,REGULAR,2022-06-24 05:30:00,2022-06-16 19:00:01,0.500005,False,1.0,call,TSLA
TSLA220624C01525000,1525.0,USD,0.03,0.0,0.0,0.0,0.0,0.0,REGULAR,2022-06-24 05:30:00,2022-06-17 19:00:05,0.500005,False,2.0,call,TSLA
TSLA220624C01550000,1550.0,USD,0.01,0.0,0.0,0.0,0.0,0.0,REGULAR,2022-06-24 05:30:00,2022-06-17 19:51:48,1.000005,False,1.0,call,TSLA
TSLA220624C01600000,1600.0,USD,0.01,0.0,0.0,0.0,0.0,0.0,REGULAR,2022-06-24 05:30:00,2022-06-17 19:27:09,0.500005,False,100.0,call,TSLA
TSLA220624P00200000,200.0,USD,0.01,0.0,0.0,0.0,0.0,0.0,REGULAR,2022-06-24 05:30:00,2022-06-18 01:29:19,0.500005,False,973.0,put,TSLA
TSLA220624P00250000,250.0,USD,0.03,0.0,0.0,0.0,0.0,0.0,REGULAR,2022-06-24 05:30:00,2022-06-18 01:27:29,0.500005,False,349.0,put,TSLA
TSLA220624P00300000,300.0,USD,0.03,0.0,0.0,0.0,0.0,0.0,REGULAR,2022-06-24 05:30:00,2022-06-18 01:28:24,0.500005,False,1395.0,put,TSLA
TSLA220624P00350000,350.0,USD,0.06,0.0,0.0,0.0,0.0,0.0,REGULAR,2022-06-24 05:30:00,2022-06-18 01:27:49,0.500005,False,1459.0,put,TSLA
TSLA220624P00400000,400.0,USD,0.13,0.0,0.0,0.0,0.0,0.0,REGULAR,2022-06-24 05:30:00,2022-06-18 01:29:04,0.500005,False,6336.0,put,TSLA
TSLA220624P00410000,410.0,USD,0.15,0.0,0.0,0.0,0.0,0.0,REGULAR,2022-06-24 05:30:00,2022-06-18 01:28:45,0.500005,False,744.0,put,TSLA
TSLA220624P00420000,420.0,USD,0.19,0.0,0.0,0.0,0.0,0.0,REGULAR,2022-06-24 05:30:00,2022-06-18 01:29:09,0.500005,False,1422.0,put,TSLA
TSLA220624P00430000,430.0,USD,0.22,0.0,0.0,0.0,0.0,0.0,REGULAR,2022-06-24 05:30:00,2022-06-18 01:26:36,0.500005,False,813.0,put,TSLA
TSLA220624P00440000,440.0,USD,0.27,0.0,0.0,0.0,0.0,0.0,REGULAR,2022-06-24 05:30:00,2022-06-18 01:29:10,0.500005,False,448.0,put,TSLA
TSLA220624P00450000,450.0,USD,0.32,0.0,0.0,0.0,0.0,0.0,REGULAR,2022-06-24 05:30:00,2022-06-18 01:29:52,0.500005,False,4199.0,put,TSLA
TSLA220624P00460000,460.0,USD,0.36,0.0,0.0,0.0,0.0,0.0,REGULAR,2022-06-24 05:30:00,2022-06-18 01:29:32,0.500005,False,635.0,put,TSLA
TSLA220624P00470000,470.0,USD,0.46,0.0,0.0,0.0,0.0,0.0,REGULAR,2022-06-24 05:30:00,2022-06-18 01:29:32,0.500005,False,847.0,put,TSLA
TSLA220624P00480000,480.0,USD,0.6,0.0,0.0,0.0,0.0,0.0,REGULAR,2022-06-24 05:30:00,2022-06-18 01:29:59,0.500005,False,2077.0,put,TSLA
TSLA220624P00490000,490.0,USD,0.71,0.0,0.0,0.0,0.0,0.0,REGULAR,2022-06-24 05:30:00,2022-06-18 01:29:20,0.500005,False,1449.0,put,TSLA
TSLA220624P00500000,500.0,USD,0.86,0.0,0.0,0.0,0.0,0.0,REGULAR,2022-06-24 05:30:00,2022-06-18 01:29:42,0.500005,False,5935.0,put,TSLA
TSLA220624P00505000,505.0,USD,0.96,0.0,0.0,0.0,0.0,0.0,REGULAR,2022-06-24 05:30:00,2022-06-18 01:29:51,0.500005,False,718.0,put,TSLA
TSLA220624P00510000,510.0,USD,1.08,0.0,0.0,0.0,0.0,0.0,REGULAR,2022-06-24 05:30:00,2022-06-18 01:29:06,0.500005,False,1397.0,put,TSLA
TSLA220624P00515000,515.0,USD,1.2,0.0,0.0,0.0,0.0,0.0,REGULAR,2022-06-24 05:30:00,2022-06-18 01:29:59,0.500005,False,369.0,put,TSLA
TSLA220624P00520000,520.0,USD,1.35,0.0,0.0,0.0,0.0,0.0,REGULAR,2022-06-24 05:30:00,2022-06-18 01:29:59,0.500005,False,1311.0,put,TSLA
TSLA220624P00525000,525.0,USD,1.5,0.0,0.0,0.0,0.0,0.0,REGULAR,2022-06-24 05:30:00,2022-06-18 01:29:47,0.500005,False,929.0,put,TSLA
TSLA220624P00530000,530.0,USD,1.64,0.0,0.0,0.0,0.0,0.0,REGULAR,2022-06-24 05:30:00,2022-06-18 01:29:44,0.500005,False,1432.0,put,TSLA
TSLA220624P00535000,535.0,USD,1.89,0.0,0.0,0.0,0.0,0.0,REGULAR,2022-06-24 05:30:00,2022-06-18 01:29:43,0.500005,False,599.0,put,TSLA
TSLA220624P00540000,540.0,USD,2.15,0.0,0.0,0.0,0.0,0.0,REGULAR,2022-06-24 05:30:00,2022-06-18 01:29:58,0.2500075,False,1473.0,put,TSLA
TSLA220624P00545000,545.0,USD,2.43,0.0,0.0,0.0,0.0,0.0,REGULAR,2022-06-24 05:30:00,2022-06-18 01:29:42,0.2500075,False,1022.0,put,TSLA
TSLA220624P00550000,550.0,USD,2.68,0.0,0.0,0.0,0.0,0.0,REGULAR,2022-06-24 05:30:00,2022-06-18 01:29:59,0.2500075,False,8461.0,put,TSLA
TSLA220624P00555000,555.0,USD,3.07,0.0,0.0,0.0,0.0,0.0,REGULAR,2022-06-24 05:30:00,2022-06-18 01:29:52,0.2500075,False,1795.0,put,TSLA
TSLA220624P00560000,560.0,USD,3.43,0.0,0.0,0.0,0.0,0.0,REGULAR,2022-06-24 05:30:00,2022-06-18 01:29:59,0.2500075,False,2299.0,put,TSLA
TSLA220624P00565000,565.0,USD,3.96,0.0,0.0,0.0,0.0,0.0,REGULAR,2022-06-24 05:30:00,2022-06-18 01:29:16,0.2500075,False,890.0,put,TSLA
TSLA220624P00570000,570.0,USD,4.45,0.0,0.0,0.0,0.0,0.0,REGULAR,2022-06-24 05:30:00,2022-06-18 01:29:40,0.2500075,False,2152.0,put,TSLA
TSLA220624P00575000,575.0,USD,5.0,0.0,0.0,0.0,0.0,0.0,REGULAR,2022-06-24 05:30:00,2022-06-18 01:29:16,0.2500075,False,1938.0,put,TSLA
TSLA220624P00580000,580.0,USD,5.56,0.0,0.0,0.0,0.0,0.0,REGULAR,2022-06-24 05:30:00,2022-06-18 01:29:59,0.2500075,False,3717.0,put,TSLA
TSLA220624P00585000,585.0,USD,6.25,0.0,0.0,0.0,0.0,0.0,REGULAR,2022-06-24 05:30:00,2022-06-18 01:29:34,0.2500075,False,1310.0,put,TSLA
TSLA220624P00590000,590.0,USD,7.15,0.0,0.0,0.0,0.0,0.0,REGULAR,2022-06-24 05:30:00,2022-06-18 01:29:46,0.2500075,False,2473.0,put,TSLA
TSLA220624P00595000,595.0,USD,7.91,0.0,0.0,0.0,0.0,0.0,REGULAR,2022-06-24 05:30:00,2022-06-18 01:29:58,0.12500875,False,2024.0,put,TSLA
TSLA220624P00600000,600.0,USD,8.9,0.0,0.0,0.0,0.0,0.0,REGULAR,2022-06-24 05:30:00,2022-06-18 01:29:59,0.12500875,False,24951.0,put,TSLA
TSLA220624P00605000,605.0,USD,9.95,0.0,0.0,0.0,0.0,0.0,REGULAR,2022-06-24 05:30:00,2022-06-18 01:29:46,0.12500875,False,2178.0,put,TSLA
TSLA220624P00610000,610.0,USD,11.15,0.0,0.0,0.0,0.0,0.0,REGULAR,2022-06-24 05:30:00,2022-06-18 01:29:51,0.12500875,False,1790.0,put,TSLA
TSLA220624P00615000,615.0,USD,12.41,0.0,0.0,0.0,0.0,0.0,REGULAR,2022-06-24 05:30:00,2022-06-18 01:29:48,0.12500875,False,1889.0,put,TSLA
TSLA220624P00620000,620.0,USD,13.8,0.0,0.0,0.0,0.0,0.0,REGULAR,2022-06-24 05:30:00,2022-06-18 01:29:54,0.12500875,False,6144.0,put,TSLA
TSLA220624P00625000,625.0,USD,15.4,0.0,0.0,0.0,0.0,0.0,REGULAR,2022-06-24 05:30:00,2022-06-18 01:29:58,0.062509375,False,2684.0,put,TSLA
TSLA220624P00630000,630.0,USD,17.05,0.0,0.0,0.0,0.0,0.0,REGULAR,2022-06-24 05:30:00,2022-06-18 01:29:59,0.062509375,False,4499.0,put,TSLA
TSLA220624P00635000,635.0,USD,18.81,0.0,0.0,0.0,0.0,0.0,REGULAR,2022-06-24 05:30:00,2022-06-18 01:29:54,0.062509375,False,2762.0,put,TSLA
TSLA220624P00640000,640.0,USD,20.8,0.0,0.0,0.0,0.0,0.0,REGULAR,2022-06-24 05:30:00,2022-06-18 01:29:53,0.0312596875,False,9282.0,put,TSLA
TSLA220624P00645000,645.0,USD,22.9,0.0,0.0,0.0,0.0,0.0,REGULAR,2022-06-24 05:30:00,2022-06-18 01:29:59,0.015634843750000002,False,6678.0,put,TSLA
TSLA220624P00650000,650.0,USD,25.08,0.0,0.0,0.0,0.0,0.0,REGULAR,2022-06-24 05:30:00,2022-06-18 01:29:57,0.00196310546875,False,16385.0,put,TSLA
TSLA220624P00655000,655.0,USD,27.89,0.0,0.0,0.0,0.0,0.0,REGULAR,2022-06-24 05:30:00,2022-06-18 01:29:56,1.0000000000000003e-05,True,3210.0,put,TSLA
TSLA220624P00660000,660.0,USD,30.1,0.0,0.0,0.0,0.0,0.0,REGULAR,2022-06-24 05:30:00,2022-06-18 01:29:48,1.0000000000000003e-05,True,4404.0,put,TSLA
TSLA220624P00665000,665.0,USD,33.0,0.0,0.0,0.0,0.0,0.0,REGULAR,2022-06-24 05:30:00,2022-06-18 01:29:29,1.0000000000000003e-05,True,686.0,put,TSLA
TSLA220624P00670000,670.0,USD,35.8,0.0,0.0,0.0,0.0,0.0,REGULAR,2022-06-24 05:30:00,2022-06-18 01:29:46,1.0000000000000003e-05,True,723.0,put,TSLA
TSLA220624P00675000,675.0,USD,38.7,0.0,0.0,0.0,0.0,0.0,REGULAR,2022-06-24 05:30:00,2022-06-18 01:29:51,1.0000000000000003e-05,True,641.0,put,TSLA
TSLA220624P00680000,680.0,USD,42.0,0.0,0.0,0.0,0.0,0.0,REGULAR,2022-06-24 05:30:00,2022-06-18 01:28:49,1.0000000000000003e-05,True,791.0,put,TSLA
TSLA220624P00685000,685.0,USD,45.65,0.0,0.0,0.0,0.0,0.0,REGULAR,2022-06-24 05:30:00,2022-06-18 01:29:01,1.0000000000000003e-05,True,190.0,put,TSLA
TSLA220624P00690000,690.0,USD,48.96,0.0,0.0,0.0,0.0,0.0,REGULAR,2022-06-24 05:30:00,2022-06-18 01:29:58,1.0000000000000003e-05,True,665.0,put,TSLA
TSLA220624P00695000,695.0,USD,53.0,0.0,0.0,0.0,0.0,0.0,REGULAR,2022-06-24 05:30:00,2022-06-18 01:14:05,1.0000000000000003e-05,True,104.0,put,TSLA
TSLA220624P00700000,700.0,USD,56.75,0.0,0.0,0.0,0.0,0.0,REGULAR,2022-06-24 05:30:00,2022-06-18 01:28:51,1.0000000000000003e-05,True,737.0,put,TSLA
TSLA220624P00705000,705.0,USD,60.62,0.0,0.0,0.0,0.0,0.0,REGULAR,2022-06-24 05:30:00,2022-06-18 01:24:21,1.0000000000000003e-05,True,88.0,put,TSLA
TSLA220624P00710000,710.0,USD,63.65,0.0,0.0,0.0,0.0,0.0,REGULAR,2022-06-24 05:30:00,2022-06-18 01:27:09,1.0000000000000003e-05,True,81.0,put,TSLA
TSLA220624P00715000,715.0,USD,68.04,0.0,0.0,0.0,0.0,0.0,REGULAR,2022-06-24 05:30:00,2022-06-18 01:27:39,1.0000000000000003e-05,True,76.0,put,TSLA
TSLA220624P00717500,717.5,USD,68.0,0.0,0.0,0.0,0.0,0.0,REGULAR,2022-06-24 05:30:00,2022-06-18 00:26:42,1.0000000000000003e-05,True,2.0,put,TSLA
TSLA220624P00720000,720.0,USD,72.6,0.0,0.0,0.0,0.0,0.0,REGULAR,2022-06-24 05:30:00,2022-06-18 01:27:39,1.0000000000000003e-05,True,487.0,put,TSLA
TSLA220624P00722500,722.5,USD,75.94,0.0,0.0,0.0,0.0,0.0,REGULAR,2022-06-24 05:30:00,2022-06-18 01:15:34,1.0000000000000003e-05,True,3.0,put,TSLA
TSLA220624P00725000,725.0,USD,76.9,0.0,0.0,0.0,0.0,0.0,REGULAR,2022-06-24 05:30:00,2022-06-18 01:27:49,1.0000000000000003e-05,True,98.0,put,TSLA
TSLA220624P00727500,727.5,USD,80.28,0.0,0.0,0.0,0.0,0.0,REGULAR,2022-06-24 05:30:00,2022-06-18 01:18:36,1.0000000000000003e-05,True,20.0,put,TSLA
TSLA220624P00730000,730.0,USD,81.9,0.0,0.0,0.0,0.0,0.0,REGULAR,2022-06-24 05:30:00,2022-06-18 01:24:38,1.0000000000000003e-05,True,263.0,put,TSLA
TSLA220624P00732500,732.5,USD,80.36,0.0,0.0,0.0,0.0,0.0,REGULAR,2022-06-24 05:30:00,2022-06-18 00:18:11,1.0000000000000003e-05,True,6.0,put,TSLA
TSLA220624P00735000,735.0,USD,86.79,0.0,0.0,0.0,0.0,0.0,REGULAR,2022-06-24 05:30:00,2022-06-18 01:29:06,1.0000000000000003e-05,True,122.0,put,TSLA
TSLA220624P00737500,737.5,USD,89.27,0.0,0.0,0.0,0.0,0.0,REGULAR,2022-06-24 05:30:00,2022-06-17 20:52:59,1.0000000000000003e-05,True,6.0,put,TSLA
TSLA220624P00740000,740.0,USD,91.97,0.0,0.0,0.0,0.0,0.0,REGULAR,2022-06-24 05:30:00,2022-06-18 01:21:13,1.0000000000000003e-05,True,143.0,put,TSLA
TSLA220624P00742500,742.5,USD,91.42,0.0,0.0,0.0,0.0,0.0,REGULAR,2022-06-24 05:30:00,2022-06-18 01:25:06,1.0000000000000003e-05,True,14.0,put,TSLA
TSLA220624P00745000,745.0,USD,95.4,0.0,0.0,0.0,0.0,0.0,REGULAR,2022-06-24 05:30:00,2022-06-18 01:23:44,1.0000000000000003e-05,True,31.0,put,TSLA
TSLA220624P00750000,750.0,USD,100.55,0.0,0.0,0.0,0.0,0.0,REGULAR,2022-06-24 05:30:00,2022-06-18 01:28:12,1.0000000000000003e-05,True,228.0,put,TSLA
TSLA220624P00755000,755.0,USD,105.94,0.0,0.0,0.0,0.0,0.0,REGULAR,2022-06-24 05:30:00,2022-06-18 01:18:22,1.0000000000000003e-05,True,22.0,put,TSLA
TSLA220624P00760000,760.0,USD,110.85,0.0,0.0,0.0,0.0,0.0,REGULAR,2022-06-24 05:30:00,2022-06-18 01:20:37,1.0000000000000003e-05,True,74.0,put,TSLA
TSLA220624P00765000,765.0,USD,115.0,0.0,0.0,0.0,0.0,0.0,REGULAR,2022-06-24 05:30:00,2022-06-18 00:39:59,1.0000000000000003e-05,True,31.0,put,TSLA
TSLA220624P00770000,770.0,USD,120.59,0.0,0.0,0.0,0.0,0.0,REGULAR,2022-06-24 05:30:00,2022-06-18 01:21:20,1.0000000000000003e-05,True,29.0,put,TSLA
TSLA220624P00775000,775.0,USD,125.74,0.0,0.0,0.0,0.0,0.0,REGULAR,2022-06-24 05:30:00,2022-06-18 01:21:13,1.0000000000000003e-05,True,30.0,put,TSLA
TSLA220624P00780000,780.0,USD,130.4,0.0,0.0,0.0,0.0,0.0,REGULAR,2022-06-24 05:30:00,2022-06-18 01:29:21,1.0000000000000003e-05,True,29.0,put,TSLA
TSLA220624P00785000,785.0,USD,130.39,0.0,0.0,0.0,0.0,0.0,REGULAR,2022-06-24 05:30:00,2022-06-18 00:17:45,1.0000000000000003e-05,True,3.0,put,TSLA
TSLA220624P00790000,790.0,USD,139.61,0.0,0.0,0.0,0.0,0.0,REGULAR,2022-06-24 05:30:00,2022-06-18 01:24:38,1.0000000000000003e-05,True,28.0,put,TSLA
TSLA220624P00795000,795.0,USD,138.87,0.0,0.0,0.0,0.0,0.0,REGULAR,2022-06-24 05:30:00,2022-06-17 23:57:07,1.0000000000000003e-05,True,7.0,put,TSLA
TSLA220624P00800000,800.0,USD,147.2,0.0,0.0,0.0,0.0,0.0,REGULAR,2022-06-24 05:30:00,2022-06-18 01:25:27,1.0000000000000003e-05,True,77.0,put,TSLA
TSLA220624P00805000,805.0,USD,153.05,0.0,0.0,0.0,0.0,0.0,REGULAR,2022-06-24 05:30:00,2022-06-18 01:01:18,1.0000000000000003e-05,True,7.0,put,TSLA
TSLA220624P00810000,810.0,USD,156.95,0.0,0.0,0.0,0.0,0.0,REGULAR,2022-06-24 05:30:00,2022-06-18 00:24:21,1.0000000000000003e-05,True,16.0,put,TSLA
TSLA220624P00815000,815.0,USD,171.4,0.0,0.0,0.0,0.0,0.0,REGULAR,2022-06-24 05:30:00,2022-06-17 20:22:01,1.0000000000000003e-05,True,3.0,put,TSLA
TSLA220624P00820000,820.0,USD,169.99,0.0,0.0,0.0,0.0,0.0,REGULAR,2022-06-24 05:30:00,2022-06-18 01:18:22,1.0000000000000003e-05,True,23.0,put,TSLA
TSLA220624P00825000,825.0,USD,172.97,0.0,0.0,0.0,0.0,0.0,REGULAR,2022-06-24 05:30:00,2022-06-17 19:51:50,1.0000000000000003e-05,True,3.0,put,TSLA
TSLA220624P00830000,830.0,USD,179.48,0.0,0.0,0.0,0.0,0.0,REGULAR,2022-06-24 05:30:00,2022-06-18 01:23:11,1.0000000000000003e-05,True,19.0,put,TSLA
TSLA220624P00835000,835.0,USD,182.84,0.0,0.0,0.0,0.0,0.0,REGULAR,2022-06-24 05:30:00,2022-06-18 01:02:51,1.0000000000000003e-05,True,6.0,put,TSLA
TSLA220624P00840000,840.0,USD,189.28,0.0,0.0,0.0,0.0,0.0,REGULAR,2022-06-24 05:30:00,2022-06-17 22:14:59,1.0000000000000003e-05,True,21.0,put,TSLA
TSLA220624P00845000,845.0,USD,190.32,0.0,0.0,0.0,0.0,0.0,REGULAR,2022-06-24 05:30:00,2022-06-18 00:16:08,1.0000000000000003e-05,True,4.0,put,TSLA
TSLA220624P00850000,850.0,USD,196.9,0.0,0.0,0.0,0.0,0.0,REGULAR,2022-06-24 05:30:00,2022-06-18 01:25:43,1.0000000000000003e-05,True,48.0,put,TSLA
TSLA220624P00855000,855.0,USD,204.1,0.0,0.0,0.0,0.0,0.0,REGULAR,2022-06-24 05:30:00,2022-06-18 00:40:31,1.0000000000000003e-05,True,12.0,put,TSLA
TSLA220624P00860000,860.0,USD,204.5,0.0,0.0,0.0,0.0,0.0,REGULAR,2022-06-24 05:30:00,2022-06-17 22:37:43,1.0000000000000003e-05,True,2.0,put,TSLA
TSLA220624P00865000,865.0,USD,220.0,0.0,0.0,0.0,0.0,0.0,REGULAR,2022-06-24 05:30:00,2022-06-17 19:55:43,1.0000000000000003e-05,True,1.0,put,TSLA
TSLA220624P00870000,870.0,USD,219.65,0.0,0.0,0.0,0.0,0.0,REGULAR,2022-06-24 05:30:00,2022-06-18 01:24:20,1.0000000000000003e-05,True,154.0,put,TSLA
TSLA220624P00875000,875.0,USD,224.5,0.0,0.0,0.0,0.0,0.0,REGULAR,2022-06-24 05:30:00,2022-06-18 00:39:05,1.0000000000000003e-05,True,9.0,put,TSLA
TSLA220624P00880000,880.0,USD,233.5,0.0,0.0,0.0,0.0,0.0,REGULAR,2022-06-24 05:30:00,2022-06-17 21:37:29,1.0000000000000003e-05,True,3.0,put,TSLA
TSLA220624P00885000,885.0,USD,232.6,0.0,0.0,0.0,0.0,0.0,REGULAR,2022-06-24 05:30:00,2022-06-18 00:28:49,1.0000000000000003e-05,True,6.0,put,TSLA
TSLA220624P00890000,890.0,USD,235.73,0.0,0.0,0.0,0.0,0.0,REGULAR,2022-06-24 05:30:00,2022-06-17 23:35:27,1.0000000000000003e-05,True,2.0,put,TSLA
TSLA220624P00895000,895.0,USD,251.54,0.0,0.0,0.0,0.0,0.0,REGULAR,2022-06-24 05:30:00,2022-06-17 20:19:35,1.0000000000000003e-05,True,9.0,put,TSLA
TSLA220624P00900000,900.0,USD,245.21,0.0,0.0,0.0,0.0,0.0,REGULAR,2022-06-24 05:30:00,2022-06-17 23:53:25,1.0000000000000003e-05,True,4.0,put,TSLA
TSLA220624P00905000,905.0,USD,253.01,0.0,0.0,0.0,0.0,0.0,REGULAR,2022-06-24 05:30:00,2022-06-17 19:51:50,1.0000000000000003e-05,True,2.0,put,TSLA
TSLA220624P00910000,910.0,USD,263.58,0.0,0.0,0.0,0.0,0.0,REGULAR,2022-06-24 05:30:00,2022-06-17 19:04:16,1.0000000000000003e-05,True,4.0,put,TSLA
TSLA220624P00915000,915.0,USD,261.71,0.0,0.0,0.0,0.0,0.0,REGULAR,2022-06-24 05:30:00,2022-06-17 23:44:37,1.0000000000000003e-05,True,4.0,put,TSLA
TSLA220624P00920000,920.0,USD,276.07,0.0,0.0,0.0,0.0,0.0,REGULAR,2022-06-24 05:30:00,2022-06-17 19:58:41,1.0000000000000003e-05,True,5.0,put,TSLA
TSLA220624P00925000,925.0,USD,271.3,0.0,0.0,0.0,0.0,0.0,REGULAR,2022-06-24 05:30:00,2022-06-18 00:57:30,1.0000000000000003e-05,True,6.0,put,TSLA
TSLA220624P00930000,930.0,USD,275.0,0.0,0.0,0.0,0.0,0.0,REGULAR,2022-06-24 05:30:00,2022-06-17 23:08:50,1.0000000000000003e-05,True,8.0,put,TSLA
TSLA220624P00935000,935.0,USD,258.56,0.0,0.0,0.0,0.0,0.0,REGULAR,2022-06-24 05:30:00,2022-06-15 20:54:20,1.0000000000000003e-05,True,3.0,put,TSLA
TSLA220624P00940000,940.0,USD,242.62,0.0,0.0,0.0,0.0,0.0,REGULAR,2022-06-24 05:30:00,2022-06-16 01:20:23,1.0000000000000003e-05,True,1.0,put,TSLA
TSLA220624P00945000,945.0,USD,268.45,0.0,0.0,0.0,0.0,0.0,REGULAR,2022-06-24 05:30:00,2022-06-15 23:39:32,1.0000000000000003e-05,True,2.0,put,TSLA
TSLA220624P00950000,950.0,USD,297.0,0.0,0.0,0.0,0.0,0.0,REGULAR,2022-06-24 05:30:00,2022-06-17 19:48:00,1.0000000000000003e-05,True,2.0,put,TSLA
TSLA220624P00955000,955.0,USD,300.07,0.0,0.0,0.0,0.0,0.0,REGULAR,2022-06-24 05:30:00,2022-06-17 23:08:59,1.0000000000000003e-05,True,1.0,put,TSLA
TSLA220624P00960000,960.0,USD,250.7,0.0,0.0,0.0,0.0,0.0,REGULAR,2022-06-24 05:30:00,2022-06-06 20:59:59,1.0000000000000003e-05,True,2.0,put,TSLA
TSLA220624P00965000,965.0,USD,218.7,0.0,0.0,0.0,0.0,0.0,REGULAR,2022-06-24 05:30:00,2022-06-08 19:38:12,1.0000000000000003e-05,True,1.0,put,TSLA
TSLA220624P00970000,970.0,USD,212.77,0.0,0.0,0.0,0.0,0.0,REGULAR,2022-06-24 05:30:00,2022-06-09 20:16:42,1.0000000000000003e-05,True,1.0,put,TSLA
TSLA220624P00975000,975.0,USD,300.4,0.0,0.0,0.0,0.0,0.0,REGULAR,2022-06-24 05:30:00,2022-06-15 23:38:23,1.0000000000000003e-05,True,5.0,put,TSLA
TSLA220624P00980000,980.0,USD,267.34,0.0,0.0,0.0,0.0,0.0,REGULAR,2022-06-24 05:30:00,2022-06-07 21:30:10,1.0000000000000003e-05,True,3.0,put,TSLA
TSLA220624P00985000,985.0,USD,331.67,0.0,0.0,0.0,0.0,0.0,REGULAR,2022-06-24 05:30:00,2022-06-13 23:47:47,1.0000000000000003e-05,True,1.0,put,TSLA
TSLA220624P00990000,990.0,USD,345.0,0.0,0.0,0.0,0.0,0.0,REGULAR,2022-06-24 05:30:00,2022-06-14 20:10:17,1.0000000000000003e-05,True,1.0,put,TSLA
TSLA220624P00995000,995.0,USD,299.89,0.0,0.0,0.0,0.0,0.0,REGULAR,2022-06-24 05:30:00,2022-06-16 00:11:09,1.0000000000000003e-05,True,2.0,put,TSLA
TSLA220624P01000000,1000.0,USD,349.16,0.0,0.0,0.0,0.0,0.0,REGULAR,2022-06-24 05:30:00,2022-06-18 01:07:50,1.0000000000000003e-05,True,30.0,put,TSLA
TSLA220624P01005000,1005.0,USD,359.73,0.0,0.0,0.0,0.0,0.0,REGULAR,2022-06-24 05:30:00,2022-05-23 19:37:09,1.0000000000000003e-05,True,,put,TSLA
TSLA220624P01010000,1010.0,USD,290.52,0.0,0.0,0.0,0.0,0.0,REGULAR,2022-06-24 05:30:00,2022-06-10 01:23:52,1.0000000000000003e-05,True,2.0,put,TSLA
TSLA220624P01015000,1015.0,USD,295.51,0.0,0.0,0.0,0.0,0.0,REGULAR,2022-06-24 05:30:00,2022-06-10 01:23:52,1.0000000000000003e-05,True,2.0,put,TSLA
TSLA220624P01020000,1020.0,USD,319.9,0.0,0.0,0.0,0.0,0.0,REGULAR,2022-06-24 05:30:00,2022-05-26 20:49:12,1.0000000000000003e-05,True,1.0,put,TSLA
TSLA220624P01025000,1025.0,USD,376.25,0.0,0.0,0.0,0.0,0.0,REGULAR,2022-06-24 05:30:00,2022-05-25 20:24:21,1.0000000000000003e-05,True,2.0,put,TSLA
TSLA220624P01030000,1030.0,USD,319.68,0.0,0.0,0.0,0.0,0.0,REGULAR,2022-06-24 05:30:00,2022-06-06 20:57:52,1.0000000000000003e-05,True,1.0,put,TSLA
TSLA220624P01040000,1040.0,USD,300.0,0.0,0.0,0.0,0.0,0.0,REGULAR,2022-06-24 05:30:00,2022-05-27 19:23:18,1.0000000000000003e-05,True,1.0,put,TSLA
TSLA220624P01050000,1050.0,USD,397.37,0.0,0.0,0.0,0.0,0.0,REGULAR,2022-06-24 05:30:00,2022-06-18 00:32:17,1.0000000000000003e-05,True,5.0,put,TSLA
TSLA220624P01070000,1070.0,USD,326.91,0.0,0.0,0.0,414.4,416.75,REGULAR,2022-06-24 05:30:00,2022-05-17 19:18:04,1.0000000000000003e-05,True,,put,TSLA
TSLA220624P01075000,1075.0,USD,422.0,0.0,0.0,0.0,0.0,0.0,REGULAR,2022-06-24 05:30:00,2022-06-17 23:16:20,1.0000000000000003e-05,True,1.0,put,TSLA
TSLA220624P01080000,1080.0,USD,433.16,0.0,0.0,0.0,0.0,0.0,REGULAR,2022-06-24 05:30:00,2022-05-24 19:08:50,1.0000000000000003e-05,True,2.0,put,TSLA
TSLA220624P01100000,1100.0,USD,446.73,0.0,0.0,0.0,0.0,0.0,REGULAR,2022-06-24 05:30:00,2022-06-18 00:58:56,1.0000000000000003e-05,True,1.0,put,TSLA
TSLA220624P01110000,1110.0,USD,475.0,0.0,0.0,0.0,0.0,0.0,REGULAR,2022-06-24 05:30:00,2022-05-24 23:12:10,1.0000000000000003e-05,True,,put,TSLA
TSLA220624P01120000,1120.0,USD,385.57,0.0,0.0,0.0,464.75,467.1,REGULAR,2022-06-24 05:30:00,2022-05-18 21:03:32,1.0000000000000003e-05,True,,put,TSLA
TSLA220624P01125000,1125.0,USD,343.64,0.0,0.0,0.0,0.0,0.0,REGULAR,2022-06-24 05:30:00,2022-05-16 09:31:43,1.0000000000000003e-05,True,,put,TSLA
TSLA220624P01130000,1130.0,USD,412.0,0.0,0.0,0.0,478.75,481.05,REGULAR,2022-06-24 05:30:00,2022-05-20 00:10:00,1.951172119140625,True,,put,TSLA
TSLA220624P01150000,1150.0,USD,420.65,0.0,0.0,0.0,450.05,452.25,REGULAR,2022-06-24 05:30:00,2022-05-16 23:00:54,1.0000000000000003e-05,True,,put,TSLA
TSLA220624P01170000,1170.0,USD,426.03,0.0,0.0,0.0,0.0,0.0,REGULAR,2022-06-24 05:30:00,2022-06-02 01:17:31,1.0000000000000003e-05,True,,put,TSLA
TSLA220624P01175000,1175.0,USD,535.0,0.0,0.0,0.0,0.0,0.0,REGULAR,2022-06-24 05:30:00,2022-06-17 01:29:33,1.0000000000000003e-05,True,1.0,put,TSLA
TSLA220624P01220000,1220.0,USD,484.6,0.0,0.0,0.0,0.0,0.0,REGULAR,2022-06-24 05:30:00,2022-06-09 23:52:44,1.0000000000000003e-05,True,4.0,put,TSLA
TSLA220624P01230000,1230.0,USD,492.98,0.0,0.0,0.0,0.0,0.0,REGULAR,2022-06-24 05:30:00,2022-06-09 23:44:05,1.0000000000000003e-05,True,2.0,put,TSLA
TSLA220624P01300000,1300.0,USD,648.22,0.0,0.0,0.0,0.0,0.0,REGULAR,2022-06-24 05:30:00,2022-06-18 00:31:21,1.0000000000000003e-05,True,1.0,put,TSLA
TSLA220624P01400000,1400.0,USD,632.62,0.0,0.0,0.0,0.0,0.0,REGULAR,2022-06-24 05:30:00,2022-05-16 09:31:49,1.0000000000000003e-05,True,,put,TSLA
TSLA220624P01450000,1450.0,USD,682.57,0.0,0.0,0.0,0.0,0.0,REGULAR,2022-06-24 05:30:00,2022-05-16 09:31:50,1.0000000000000003e-05,True,,put,TSLA
TSLA220624P01600000,1600.0,USD,932.05,0.0,0.0,0.0,0.0,0.0,REGULAR,2022-06-24 05:30:00,2022-06-16 19:04:06,1.0000000000000003e-05,True,1.0,put,TSLA
NIO220624C00005000,5.0,USD,15.7,0.0,0.0,0.0,0.0,0.0,REGULAR,2022-06-24 05:30:00,2022-06-17 23:52:34,1.0000000000000003e-05,True,2.0,call,NIO
NIO220624C00008500,8.5,USD,12.2,0.0,0.0,0.0,0.0,0.0,REGULAR,2022-06-24 05:30:00,2022-06-17 23:56:47,1.0000000000000003e-05,True,12.0,call,NIO
NIO220624C00009000,9.0,USD,11.74,0.0,0.0,0.0,0.0,0.0,REGULAR,2022-06-24 05:30:00,2022-06-18 00:33:21,1.0000000000000003e-05,True,40.0,call,NIO
NIO220624C00010000,10.0,USD,10.83,0.0,0.0,0.0,0.0,0.0,REGULAR,2022-06-24 05:30:00,2022-06-18 00:20:15,1.0000000000000003e-05,True,11.0,call,NIO
NIO220624C00011000,11.0,USD,8.7,0.0,0.0,0.0,0.0,0.0,REGULAR,2022-06-24 05:30:00,2022-06-15 22:58:16,1.0000000000000003e-05,True,1.0,call,NIO
NIO220624C00012000,12.0,USD,6.95,0.0,0.0,0.0,0.0,0.0,REGULAR,2022-06-24 05:30:00,2022-06-17 00:45:57,1.0000000000000003e-05,True,126.0,call,NIO
NIO220624C00012500,12.5,USD,7.6,0.0,0.0,0.0,0.0,0.0,REGULAR,2022-06-24 05:30:00,2022-06-17 20:41:54,1.0000000000000003e-05,True,1.0,call,NIO
NIO220624C00013000,13.0,USD,7.8,0.0,0.0,0.0,0.0,0.0,REGULAR,2022-06-24 05:30:00,2022-06-18 00:18:22,1.0000000000000003e-05,True,50.0,call,NIO
NIO220624C00013500,13.5,USD,6.55,0.0,0.0,0.0,0.0,0.0,REGULAR,2022-06-24 05:30:00,2022-06-17 20:45:03,1.0000000000000003e-05,True,3.0,call,NIO
NIO220624C00014000,14.0,USD,6.86,0.0,0.0,0.0,0.0,0.0,REGULAR,2022-06-24 05:30:00,2022-06-18 01:26:22,1.0000000000000003e-05,True,25.0,call,NIO
NIO220624C00014500,14.5,USD,5.95,0.0,0.0,0.0,0.0,0.0,REGULAR,2022-06-24 05:30:00,2022-06-17 22:54:08,1.0000000000000003e-05,True,10.0,call,NIO
NIO220624C00015000,15.0,USD,5.8,0.0,0.0,0.0,0.0,0.0,REGULAR,2022-06-24 05:30:00,2022-06-18 01:20:04,1.0000000000000003e-05,True,32.0,call,NIO
NIO220624C00015500,15.5,USD,5.3,0.0,0.0,0.0,0.0,0.0,REGULAR,2022-06-24 05:30:00,2022-06-18 01:28:45,1.0000000000000003e-05,True,65.0,call,NIO
NIO220624C00016000,16.0,USD,4.9,0.0,0.0,0.0,0.0,0.0,REGULAR,2022-06-24 05:30:00,2022-06-18 01:27:24,1.0000000000000003e-05,True,583.0,call,NIO
NIO220624C00016500,16.5,USD,4.39,0.0,0.0,0.0,0.0,0.0,REGULAR,2022-06-24 05:30:00,2022-06-18 01:22:50,1.0000000000000003e-05,True,168.0,call,NIO
NIO220624C00017000,17.0,USD,3.75,0.0,0.0,0.0,0.0,0.0,REGULAR,2022-06-24 05:30:00,2022-06-18 01:16:07,1.0000000000000003e-05,True,95.0,call,NIO
NIO220624C00017500,17.5,USD,3.47,0.0,0.0,0.0,0.0,0.0,REGULAR,2022-06-24 05:30:00,2022-06-18 01:26:00,1.0000000000000003e-05,True,440.0,call,NIO
NIO220624C00018000,18.0,USD,2.96,0.0,0.0,0.0,0.0,0.0,REGULAR,2022-06-24 05:30:00,2022-06-18 01:29:49,1.0000000000000003e-05,True,507.0,call,NIO
NIO220624C00018500,18.5,USD,2.5,0.0,0.0,0.0,0.0,0.0,REGULAR,2022-06-24 05:30:00,2022-06-18 01:20:56,1.0000000000000003e-05,True,948.0,call,NIO
NIO220624C00019000,19.0,USD,2.16,0.0,0.0,0.0,0.0,0.0,REGULAR,2022-06-24 05:30:00,2022-06-18 01:29:03,1.0000000000000003e-05,True,1815.0,call,NIO
NIO220624C00019500,19.5,USD,1.73,0.0,0.0,0.0,0.0,0.0,REGULAR,2022-06-24 05:30:00,2022-06-18 01:29:21,1.0000000000000003e-05,True,4604.0,call,NIO
NIO220624C00020000,20.0,USD,1.37,0.0,0.0,0.0,0.0,0.0,REGULAR,2022-06-24 05:30:00,2022-06-18 01:29:58,1.0000000000000003e-05,True,9336.0,call,NIO
NIO220624C00020500,20.5,USD,1.08,0.0,0.0,0.0,0.0,0.0,REGULAR,2022-06-24 05:30:00,2022-06-18 01:29:53,1.0000000000000003e-05,True,8225.0,call,NIO
NIO220624C00021000,21.0,USD,0.83,0.0,0.0,0.0,0.0,0.0,REGULAR,2022-06-24 05:30:00,2022-06-18 01:29:57,0.0312596875,False,17224.0,call,NIO
NIO220624C00021500,21.5,USD,0.62,0.0,0.0,0.0,0.0,0.0,REGULAR,2022-06-24 05:30:00,2022-06-18 01:29:51,0.12500875,False,3455.0,call,NIO
NIO220624C00022000,22.0,USD,0.46,0.0,0.0,0.0,0.0,0.0,REGULAR,2022-06-24 05:30:00,2022-06-18 01:29:51,0.12500875,False,5920.0,call,NIO
NIO220624C00022500,22.5,USD,0.33,0.0,0.0,0.0,0.0,0.0,REGULAR,2022-06-24 05:30:00,2022-06-18 01:29:59,0.2500075,False,4136.0,call,NIO
NIO220624C00023000,23.0,USD,0.24,0.0,0.0,0.0,0.0,0.0,REGULAR,2022-06-24 05:30:00,2022-06-18 01:29:11,0.2500075,False,2986.0,call,NIO
NIO220624C00023500,23.5,USD,0.17,0.0,0.0,0.0,0.0,0.0,REGULAR,2022-06-24 05:30:00,2022-06-18 01:29:45,0.2500075,False,1960.0,call,NIO
NIO220624C00024000,24.0,USD,0.12,0.0,0.0,0.0,0.0,0.0,REGULAR,2022-06-24 05:30:00,2022-06-18 01:29:44,0.2500075,False,1057.0,call,NIO
NIO220624C00024500,24.5,USD,0.09,0.0,0.0,,0.0,0.0,REGULAR,2022-06-24 05:30:00,2022-06-18 01:29:36,0.500005,False,1060.0,call,NIO
NIO220624C00025000,25.0,USD,0.07,0.0,0.0,0.0,0.0,0.0,REGULAR,2022-06-24 05:30:00,2022-06-18 01:29:25,0.500005,False,3796.0,call,NIO
NIO220624C00025500,25.5,USD,0.06,0.0,0.0,,0.0,0.0,REGULAR,2022-06-24 05:30:00,2022-06-18 01:26:26,0.500005,False,402.0,call,NIO
NIO220624C00026000,26.0,USD,0.05,0.0,0.0,0.0,0.0,0.0,REGULAR,2022-06-24 05:30:00,2022-06-18 01:24:23,0.500005,False,258.0,call,NIO
NIO220624C00026500,26.5,USD,0.04,0.0,0.0,,0.0,0.0,REGULAR,2022-06-24 05:30:00,2022-06-18 01:26:57,0.500005,False,50.0,call,NIO
NIO220624C00027000,27.0,USD,0.03,0.0,0.0,0.0,0.0,0.0,REGULAR,2022-06-24 05:30:00,2022-06-18 01:11:59,0.500005,False,185.0,call,NIO
NIO220624C00030000,30.0,USD,0.02,0.0,0.0,0.0,0.0,0.0,REGULAR,2022-06-24 05:30:00,2022-06-18 01:15:28,0.500005,False,252.0,call,NIO
NIO220624C00035000,35.0,USD,0.01,0.0,0.0,0.0,0.0,0.0,REGULAR,2022-06-24 05:30:00,2022-06-17 23:59:21,0.500005,False,3.0,call,NIO
NIO220624P00005000,5.0,USD,0.03,0.0,0.0,0.0,0.0,0.0,REGULAR,2022-06-24 05:30:00,2022-06-17 19:10:01,0.500005,False,2.0,put,NIO
NIO220624P00008000,8.0,USD,0.02,0.0,0.0,0.0,0.0,0.0,REGULAR,2022-06-24 05:30:00,2022-06-13 23:46:05,0.500005,False,2.0,put,NIO
NIO220624P00008500,8.5,USD,0.02,0.0,0.0,0.0,0.0,0.0,REGULAR,2022-06-24 05:30:00,2022-06-14 20:54:52,0.500005,False,1.0,put,NIO
NIO220624P00009000,9.0,USD,0.02,0.0,0.0,0.0,0.0,0.0,REGULAR,2022-06-24 05:30:00,2022-06-17 19:09:11,0.500005,False,3.0,put,NIO
NIO220624P00010000,10.0,USD,0.01,0.0,0.0,0.0,0.0,0.0,REGULAR,2022-06-24 05:30:00,2022-06-18 01:08:09,0.500005,False,25.0,put,NIO
NIO220624P00011000,11.0,USD,0.01,0.0,0.0,0.0,0.0,0.0,REGULAR,2022-06-24 05:30:00,2022-06-17 23:31:39,0.500005,False,32.0,put,NIO
NIO220624P00012000,12.0,USD,0.02,0.0,0.0,0.0,0.0,0.0,REGULAR,2022-06-24 05:30:00,2022-06-18 01:29:41,0.500005,False,11.0,put,NIO
NIO220624P00012500,12.5,USD,0.02,0.0,0.0,0.0,0.0,0.0,REGULAR,2022-06-24 05:30:00,2022-06-18 01:13:27,0.500005,False,38.0,put,NIO
NIO220624P00013000,13.0,USD,0.02,0.0,0.0,0.0,0.0,0.0,REGULAR,2022-06-24 05:30:00,2022-06-18 01:22:13,0.500005,False,70.0,put,NIO
NIO220624P00013500,13.5,USD,0.03,0.0,0.0,0.0,0.0,0.0,REGULAR,2022-06-24 05:30:00,2022-06-18 01:29:04,0.500005,False,128.0,put,NIO
NIO220624P00014000,14.0,USD,0.04,0.0,0.0,0.0,0.0,0.0,REGULAR,2022-06-24 05:30:00,2022-06-18 01:27:46,0.500005,False,617.0,put,NIO
NIO220624P00014500,14.5,USD,0.03,0.0,0.0,0.0,0.0,0.0,REGULAR,2022-06-24 05:30:00,2022-06-18 01:29:24,0.500005,False,92.0,put,NIO
NIO220624P00015000,15.0,USD,0.04,0.0,0.0,0.0,0.0,0.0,REGULAR,2022-06-24 05:30:00,2022-06-18 01:25:58,0.500005,False,4548.0,put,NIO
NIO220624P00015500,15.5,USD,0.05,0.0,0.0,0.0,0.0,0.0,REGULAR,2022-06-24 05:30:00,2022-06-18 01:18:20,0.500005,False,221.0,put,NIO
NIO220624P00016000,16.0,USD,0.07,0.0,0.0,0.0,0.0,0.0,REGULAR,2022-06-24 05:30:00,2022-06-18 01:28:07,0.500005,False,2641.0,put,NIO
NIO220624P00016500,16.5,USD,0.09,0.0,0.0,0.0,0.0,0.0,REGULAR,2022-06-24 05:30:00,2022-06-18 01:29:07,0.500005,False,914.0,put,NIO
NIO220624P00017000,17.0,USD,0.1,0.0,0.0,0.0,0.0,0.0,REGULAR,2022-06-24 05:30:00,2022-06-18 01:28:36,0.500005,False,1395.0,put,NIO
NIO220624P00017500,17.5,USD,0.13,0.0,0.0,0.0,0.0,0.0,REGULAR,2022-06-24 05:30:00,2022-06-18 01:29:11,0.500005,False,2851.0,put,NIO
NIO220624P00018000,18.0,USD,0.18,0.0,0.0,0.0,0.0,0.0,REGULAR,2022-06-24 05:30:00,2022-06-18 01:29:49,0.500005,False,6775.0,put,NIO
NIO220624P00018500,18.5,USD,0.26,0.0,0.0,0.0,0.0,0.0,REGULAR,2022-06-24 05:30:00,2022-06-18 01:29:47,0.2500075,False,3085.0,put,NIO
NIO220624P00019000,19.0,USD,0.34,0.0,0.0,0.0,0.0,0.0,REGULAR,2022-06-24 05:30:00,2022-06-18 01:29:51,0.2500075,False,3801.0,put,NIO
NIO220624P00019500,19.5,USD,0.47,0.0,0.0,0.0,0.0,0.0,REGULAR,2022-06-24 05:30:00,2022-06-18 01:29:56,0.12500875,False,3518.0,put,NIO
NIO220624P00020000,20.0,USD,0.6,0.0,0.0,0.0,0.0,0.0,REGULAR,2022-06-24 05:30:00,2022-06-18 01:29:57,0.12500875,False,16044.0,put,NIO
NIO220624P00020500,20.5,USD,0.82,0.0,0.0,0.0,0.0,0.0,REGULAR,2022-06-24 05:30:00,2022-06-18 01:29:52,0.0312596875,False,3012.0,put,NIO
NIO220624P00021000,21.0,USD,1.04,0.0,0.0,0.0,0.0,0.0,REGULAR,2022-06-24 05:30:00,2022-06-18 01:29:51,1.0000000000000003e-05,True,2270.0,put,NIO
NIO220624P00021500,21.5,USD,1.31,0.0,0.0,0.0,0.0,0.0,REGULAR,2022-06-24 05:30:00,2022-06-18 01:29:05,1.0000000000000003e-05,True,232.0,put,NIO
NIO220624P00022000,22.0,USD,1.6,0.0,0.0,0.0,0.0,0.0,REGULAR,2022-06-24 05:30:00,2022-06-18 01:26:38,1.0000000000000003e-05,True,184.0,put,NIO
NIO220624P00022500,22.5,USD,2.16,0.0,0.0,0.0,0.0,0.0,REGULAR,2022-06-24 05:30:00,2022-06-18 01:23:30,1.0000000000000003e-05,True,6.0,put,NIO
NIO220624P00023000,23.0,USD,2.46,0.0,0.0,0.0,0.0,0.0,REGULAR,2022-06-24 05:30:00,2022-06-18 01:20:01,1.0000000000000003e-05,True,71.0,put,NIO
NIO220624P00023500,23.5,USD,3.55,0.0,0.0,0.0,0.0,0.0,REGULAR,2022-06-24 05:30:00,2022-06-16 01:29:29,1.0000000000000003e-05,True,121.0,put,NIO
NIO220624P00024000,24.0,USD,3.3,0.0,0.0,0.0,0.0,0.0,REGULAR,2022-06-24 05:30:00,2022-06-18 00:56:59,1.0000000000000003e-05,True,14.0,put,NIO
NIO220624P00024500,24.5,USD,3.75,0.0,0.0,,0.0,0.0,REGULAR,2022-06-24 05:30:00,2022-06-18 01:23:29,1.0000000000000003e-05,True,6.0,put,NIO
NIO220624P00025000,25.0,USD,4.2,0.0,0.0,0.0,0.0,0.0,REGULAR,2022-06-24 05:30:00,2022-06-18 01:26:23,1.0000000000000003e-05,True,38.0,put,NIO
NIO220624P00026000,26.0,USD,5.23,0.0,0.0,0.0,0.0,0.0,REGULAR,2022-06-24 05:30:00,2022-06-18 00:19:18,1.0000000000000003e-05,True,5.0,put,NIO
NIO220624P00027000,27.0,USD,8.37,0.0,0.0,0.0,0.0,0.0,REGULAR,2022-06-24 05:30:00,2022-06-15 19:53:32,1.0000000000000003e-05,True,1.0,put,NIO
NIO220624P00030000,30.0,USD,10.88,0.0,0.0,0.0,0.0,0.0,REGULAR,2022-06-24 05:30:00,2022-06-16 22:36:10,1.0000000000000003e-05,True,400.0,put,NIO
NIO220624P00035000,35.0,USD,14.9,0.0,0.0,0.0,0.0,0.0,REGULAR,2022-06-24 05:30:00,2022-06-16 00:56:56,1.0000000000000003e-05,True,,put,NIO
F220624C00003000,3.0,USD,8.25,0.0,0.0,0.0,0.0,0.0,REGULAR,2022-06-24 05:30:00,2022-06-17 21:17:17,1.0000000000000003e-05,True,1.0,call,F
F220624C00007000,7.0,USD,4.12,0.0,0.0,0.0,0.0,0.0,REGULAR,2022-06-24 05:30:00,2022-06-17 20:33:53,1.0000000000000003e-05,True,1.0,call,F
F220624C00008000,8.0,USD,3.23,0.0,0.0,0.0,0.0,0.0,REGULAR,2022-06-24 05:30:00,2022-06-16 23:52:25,1.0000000000000003e-05,True,2.0,call,F
F220624C00008500,8.5,USD,2.67,0.0,0.0,0.0,0.0,0.0,REGULAR,2022-06-24 05:30:00,2022-06-17 22:01:45,1.0000000000000003e-05,True,2.0,call,F
F220624C00009000,9.0,USD,2.29,0.0,0.0,0.0,0.0,0.0,REGULAR,2022-06-24 05:30:00,2022-06-17 21:05:19,1.0000000000000003e-05,True,3.0,call,F
F220624C00009500,9.5,USD,1.93,0.0,0.0,0.0,0.0,0.0,REGULAR,2022-06-24 05:30:00,2022-06-18 00:10:22,1.0000000000000003e-05,True,1.0,call,F
F220624C00010000,10.0,USD,1.32,0.0,0.0,0.0,0.0,0.0,REGULAR,2022-06-24 05:30:00,2022-06-18 00:41:28,1.0000000000000003e-05,True,248.0,call,F
F220624C00010500,10.5,USD,0.84,0.0,0.0,0.0,0.0,0.0,REGULAR,2022-06-24 05:30:00,2022-06-18 01:28:50,1.0000000000000003e-05,True,97.0,call,F
F220624C00011000,11.0,USD,0.46,0.0,0.0,0.0,0.0,0.0,REGULAR,2022-06-24 05:30:00,2022-06-18 01:29:44,1.0000000000000003e-05,True,5447.0,call,F
F220624C00011500,11.5,USD,0.21,0.0,0.0,0.0,0.0,0.0,REGULAR,2022-06-24 05:30:00,2022-06-18 01:29:55,0.062509375,False,12370.0,call,F
F220624C00012000,12.0,USD,0.08,0.0,0.0,0.0,0.0,0.0,REGULAR,2022-06-24 05:30:00,2022-06-18 01:29:51,0.2500075,False,9739.0,call,F
F220624C00012500,12.5,USD,0.04,0.0,0.0,0.0,0.0,0.0,REGULAR,2022-06-24 05:30:00,2022-06-18 01:29:27,0.2500075,False,2579.0,call,F
F220624C00013000,13.0,USD,0.02,0.0,0.0,0.0,0.0,0.0,REGULAR,2022-06-24 05:30:00,2022-06-18 01:28:28,0.500005,False,1130.0,call,F
F220624C00013500,13.5,USD,0.01,0.0,0.0,0.0,0.0,0.0,REGULAR,2022-06-24 05:30:00,2022-06-18 01:26:11,0.500005,False,483.0,call,F
F220624C00014000,14.0,USD,0.02,0.0,0.0,0.0,0.0,0.0,REGULAR,2022-06-24 05:30:00,2022-06-18 01:27:34,0.500005,False,364.0,call,F
F220624C00014500,14.5,USD,0.01,0.0,0.0,0.0,0.0,0.0,REGULAR,2022-06-24 05:30:00,2022-06-18 01:27:34,0.500005,False,278.0,call,F
F220624C00015000,15.0,USD,0.01,0.0,0.0,0.0,0.0,0.0,REGULAR,2022-06-24 05:30:00,2022-06-18 00:07:39,0.500005,False,85.0,call,F
F220624C00015500,15.5,USD,0.01,0.0,0.0,0.0,0.0,0.0,REGULAR,2022-06-24 05:30:00,2022-06-18 00:52:20,0.500005,False,3.0,call,F
F220624C00016000,16.0,USD,0.01,0.0,0.0,0.0,0.0,0.0,REGULAR,2022-06-24 05:30:00,2022-06-17 22:59:36,0.500005,False,2.0,call,F
F220624C00016500,16.5,USD,0.01,0.0,0.0,0.0,0.0,0.0,REGULAR,2022-06-24 05:30:00,2022-06-16 23:50:14,0.500005,False,31.0,call,F
F220624C00017000,17.0,USD,0.01,0.0,0.0,0.0,0.0,0.0,REGULAR,2022-06-24 05:30:00,2022-06-16 23:50:34,0.500005,False,31.0,call,F
F220624C00017500,17.5,USD,0.01,0.0,0.0,0.0,0.0,0.0,REGULAR,2022-06-24 05:30:00,2022-06-07 01:25:13,0.500005,False,1.0,call,F
F220624C00018000,18.0,USD,0.02,0.0,0.0,0.0,0.0,0.0,REGULAR,2022-06-24 05:30:00,2022-06-14 19:42:34,0.500005,False,2.0,call,F
F220624C00018500,18.5,USD,0.01,0.0,0.0,0.0,0.0,0.0,REGULAR,2022-06-24 05:30:00,2022-06-01 21:37:17,0.500005,False,1.0,call,F
F220624C00019000,19.0,USD,0.02,0.0,0.0,0.0,0.0,0.0,REGULAR,2022-06-24 05:30:00,2022-06-17 19:37:50,0.500005,False,1.0,call,F
F220624C00019500,19.5,USD,0.02,0.0,0.0,0.0,0.0,0.0,REGULAR,2022-06-24 05:30:00,2022-06-17 21:28:57,0.500005,False,1.0,call,F
F220624C00020000,20.0,USD,0.02,0.0,0.0,0.0,0.0,0.0,REGULAR,2022-06-24 05:30:00,2022-06-17 19:41:21,0.500005,False,2.0,call,F
F220624C00021000,21.0,USD,0.02,0.0,0.0,0.0,0.0,0.0,REGULAR,2022-06-24 05:30:00,2022-06-15 22:48:33,0.500005,False,1.0,call,F
F220624C00022000,22.0,USD,0.01,0.0,0.0,0.0,0.0,0.0,REGULAR,2022-06-24 05:30:00,2022-06-03 20:13:10,0.500005,False,1.0,call,F
F220624C00023000,23.0,USD,0.01,0.0,0.0,0.0,0.0,0.0,REGULAR,2022-06-24 05:30:00,2022-05-27 19:40:07,0.500005,False,1.0,call,F
F220624C00024000,24.0,USD,0.05,0.0,0.0,2.0,0.0,0.05,REGULAR,2022-06-24 05:30:00,2022-05-06 01:18:21,3.2500018749999997,False,,call,F
F220624P00003000,3.0,USD,0.03,0.0,0.0,0.0,0.0,0.0,REGULAR,2022-06-24 05:30:00,2022-06-15 00:53:13,0.500005,False,,put,F
F220624P00005000,5.0,USD,0.02,0.0,0.0,0.0,0.0,0.0,REGULAR,2022-06-24 05:30:00,2022-06-08 20:14:06,0.500005,False,,put,F
F220624P00006000,6.0,USD,0.01,0.0,0.0,0.0,0.0,0.0,REGULAR,2022-06-24 05:30:00,2022-06-17 20:32:23,0.500005,False,1.0,put,F
F220624P00007000,7.0,USD,0.01,0.0,0.0,0.0,0.0,0.0,REGULAR,2022-06-24 05:30:00,2022-06-14 21:56:44,0.500005,False,11.0,put,F
F220624P00008000,8.0,USD,0.01,0.0,0.0,0.0,0.0,0.0,REGULAR,2022-06-24 05:30:00,2022-06-18 01:03:51,0.500005,False,99.0,put,F
F220624P00008500,8.5,USD,0.01,0.0,0.0,0.0,0.0,0.0,REGULAR,2022-06-24 05:30:00,2022-06-18 01:12:27,0.500005,False,338.0,put,F
F220624P00009000,9.0,USD,0.01,0.0,0.0,0.0,0.0,0.0,REGULAR,2022-06-24 05:30:00,2022-06-18 01:29:43,0.500005,False,2658.0,put,F
F220624P00009500,9.5,USD,0.03,0.0,0.0,0.0,0.0,0.0,REGULAR,2022-06-24 05:30:00,2022-06-18 01:26:47,0.500005,False,745.0,put,F
F220624P00010000,10.0,USD,0.04,0.0,0.0,0.0,0.0,0.0,REGULAR,2022-06-24 05:30:00,2022-06-18 01:29:17,0.2500075,False,2685.0,put,F
F220624P00010500,10.5,USD,0.11,0.0,0.0,0.0,0.0,0.0,REGULAR,2022-06-24 05:30:00,2022-06-18 01:29:40,0.2500075,False,2796.0,put,F
F220624P00011000,11.0,USD,0.22,0.0,0.0,0.0,0.0,0.0,REGULAR,2022-06-24 05:30:00,2022-06-18 01:29:35,0.062509375,False,6223.0,put,F
F220624P00011500,11.5,USD,0.48,0.0,0.0,0.0,0.0,0.0,REGULAR,2022-06-24 05:30:00,2022-06-18 01:29:55,1.0000000000000003e-05,True,1877.0,put,F
F220624P00012000,12.0,USD,0.84,0.0,0.0,0.0,0.0,0.0,REGULAR,2022-06-24 05:30:00,2022-06-18 01:29:35,1.0000000000000003e-05,True,2687.0,put,F
F220624P00012500,12.5,USD,1.32,0.0,0.0,0.0,0.0,0.0,REGULAR,2022-06-24 05:30:00,2022-06-18 01:29:56,1.0000000000000003e-05,True,708.0,put,F
F220624P00013000,13.0,USD,1.74,0.0,0.0,0.0,0.0,0.0,REGULAR,2022-06-24 05:30:00,2022-06-18 01:26:19,1.0000000000000003e-05,True,1115.0,put,F
F220624P00013500,13.5,USD,2.25,0.0,0.0,0.0,0.0,0.0,REGULAR,2022-06-24 05:30:00,2022-06-18 01:13:50,1.0000000000000003e-05,True,47.0,put,F
F220624P00014000,14.0,USD,2.74,0.0,0.0,0.0,0.0,0.0,REGULAR,2022-06-24 05:30:00,2022-06-18 01:25:10,1.0000000000000003e-05,True,104.0,put,F
F220624P00014500,14.5,USD,3.11,0.0,0.0,0.0,0.0,0.0,REGULAR,2022-06-24 05:30:00,2022-06-18 00:15:03,1.0000000000000003e-05,True,5.0,put,F
F220624P00015000,15.0,USD,3.67,0.0,0.0,0.0,0.0,0.0,REGULAR,2022-06-24 05:30:00,2022-06-18 00:52:38,1.0000000000000003e-05,True,50.0,put,F
F220624P00015500,15.5,USD,4.26,0.0,0.0,0.0,0.0,0.0,REGULAR,2022-06-24 05:30:00,2022-06-17 22:37:09,1.0000000000000003e-05,True,1.0,put,F
F220624P00016000,16.0,USD,4.7,0.0,0.0,0.0,0.0,0.0,REGULAR,2022-06-24 05:30:00,2022-06-17 23:04:15,1.0000000000000003e-05,True,2.0,put,F
F220624P00016500,16.5,USD,4.95,0.0,0.0,0.0,0.0,0.0,REGULAR,2022-06-24 05:30:00,2022-06-16 19:40:49,1.0000000000000003e-05,True,5.0,put,F
F220624P00017000,17.0,USD,3.45,0.0,0.0,0.0,0.0,0.0,REGULAR,2022-06-24 05:30:00,2022-06-06 19:54:32,1.0000000000000003e-05,True,2.0,put,F
F220624P00017500,17.5,USD,4.82,0.0,0.0,0.0,0.0,0.0,REGULAR,2022-06-24 05:30:00,2022-06-15 19:03:52,1.0000000000000003e-05,True,3.0,put,F
F220624P00018000,18.0,USD,6.82,0.0,0.0,0.0,0.0,0.0,REGULAR,2022-06-24 05:30:00,2022-06-17 22:05:37,1.0000000000000003e-05,True,5.0,put,F
F220624P00018500,18.5,USD,4.69,0.0,0.0,0.0,0.0,0.0,REGULAR,2022-06-24 05:30:00,2022-06-03 00:44:28,1.0000000000000003e-05,True,3.0,put,F
F220624P00019000,19.0,USD,6.8,0.0,0.0,0.0,7.7,7.9,REGULAR,2022-06-24 05:30:00,2022-05-20 22:32:24,2.4843787890625,True,10.0,put,F
F220624P00019500,19.5,USD,8.28,0.0,0.0,0.0,0.0,0.0,REGULAR,2022-06-24 05:30:00,2022-06-18 01:21:20,1.0000000000000003e-05,True,10.0,put,F
F220624P00020000,20.0,USD,8.73,0.0,0.0,0.0,0.0,0.0,REGULAR,2022-06-24 05:30:00,2022-06-18 01:21:20,1.0000000000000003e-05,True,15.0,put,F
F220624P00021000,21.0,USD,7.4,0.0,0.0,0.0,8.15,8.35,REGULAR,2022-06-24 05:30:00,2022-05-16 09:38:12,1.0000000000000003e-05,True,,put,F
GM220624C00019000,19.0,USD,15.2,0.0,0.0,0.0,0.0,0.0,REGULAR,2022-06-24 05:30:00,2022-06-16 00:10:54,1.0000000000000003e-05,True,,call,GM
GM220624C00020000,20.0,USD,12.45,0.0,0.0,0.0,0.0,0.0,REGULAR,2022-06-24 05:30:00,2022-06-14 00:47:41,1.0000000000000003e-05,True,,call,GM
GM220624C00025000,25.0,USD,8.15,0.0,0.0,0.0,0.0,0.0,REGULAR,2022-06-24 05:30:00,2022-06-14 20:12:57,1.0000000000000003e-05,True,2.0,call,GM
GM220624C00026000,26.0,USD,5.85,0.0,0.0,0.0,0.0,0.0,REGULAR,2022-06-24 05:30:00,2022-06-16 19:55:23,1.0000000000000003e-05,True,3.0,call,GM
GM220624C00027000,27.0,USD,5.59,0.0,0.0,0.0,0.0,0.0,REGULAR,2022-06-24 05:30:00,2022-06-13 20:41:28,1.0000000000000003e-05,True,,call,GM
GM220624C00028000,28.0,USD,8.05,0.0,0.0,0.0,0.0,0.0,REGULAR,2022-06-24 05:30:00,2022-05-23 20:10:39,1.0000000000000003e-05,True,,call,GM
GM220624C00029000,29.0,USD,3.0,0.0,0.0,0.0,0.0,0.0,REGULAR,2022-06-24 05:30:00,2022-06-17 22:37:30,1.0000000000000003e-05,True,276.0,call,GM
GM220624C00029500,29.5,USD,2.14,0.0,0.0,0.0,0.0,0.0,REGULAR,2022-06-24 05:30:00,2022-06-17 20:33:57,1.0000000000000003e-05,True,13.0,call,GM
GM220624C00030000,30.0,USD,2.26,0.0,0.0,0.0,0.0,0.0,REGULAR,2022-06-24 05:30:00,2022-06-18 01:26:45,1.0000000000000003e-05,True,403.0,call,GM
GM220624C00030500,30.5,USD,1.8,0.0,0.0,0.0,0.0,0.0,REGULAR,2022-06-24 05:30:00,2022-06-17 22:39:51,1.0000000000000003e-05,True,35.0,call,GM
GM220624C00031000,31.0,USD,1.45,0.0,0.0,0.0,0.0,0.0,REGULAR,2022-06-24 05:30:00,2022-06-18 01:28:52,1.0000000000000003e-05,True,979.0,call,GM
GM220624C00031500,31.5,USD,1.12,0.0,0.0,0.0,0.0,0.0,REGULAR,2022-06-24 05:30:00,2022-06-18 01:29:27,1.0000000000000003e-05,True,106.0,call,GM
GM220624C00032000,32.0,USD,0.84,0.0,0.0,0.0,0.0,0.0,REGULAR,2022-06-24 05:30:00,2022-06-18 01:29:45,0.015634843750000002,False,719.0,call,GM
GM220624C00032500,32.5,USD,0.62,0.0,0.0,0.0,0.0,0.0,REGULAR,2022-06-24 05:30:00,2022-06-18 01:29:31,0.062509375,False,1307.0,call,GM
GM220624C00033000,33.0,USD,0.46,0.0,0.0,0.0,0.0,0.0,REGULAR,2022-06-24 05:30:00,2022-06-18 01:25:23,0.12500875,False,706.0,call,GM
GM220624C00033500,33.5,USD,0.3,0.0,0.0,0.0,0.0,0.0,REGULAR,2022-06-24 05:30:00,2022-06-18 01:29:16,0.12500875,False,768.0,call,GM
GM220624C00034000,34.0,USD,0.21,0.0,0.0,0.0,0.0,0.0,REGULAR,2022-06-24 05:30:00,2022-06-18 01:29:36,0.12500875,False,662.0,call,GM
GM220624C00034500,34.5,USD,0.14,0.0,0.0,0.0,0.0,0.0,REGULAR,2022-06-24 05:30:00,2022-06-18 01:22:01,0.2500075,False,369.0,call,GM
GM220624C00035000,35.0,USD,0.1,0.0,0.0,0.0,0.0,0.0,REGULAR,2022-06-24 05:30:00,2022-06-18 01:07:00,0.2500075,False,350.0,call,GM
GM220624C00035500,35.5,USD,0.06,0.0,0.0,0.0,0.0,0.0,REGULAR,2022-06-24 05:30:00,2022-06-18 01:22:04,0.2500075,False,228.0,call,GM
GM220624C00036000,36.0,USD,0.05,0.0,0.0,0.0,0.0,0.0,REGULAR,2022-06-24 05:30:00,2022-06-18 00:23:21,0.2500075,False,16.0,call,GM
GM220624C00036500,36.5,USD,0.04,0.0,0.0,0.0,0.0,0.0,REGULAR,2022-06-24 05:30:00,2022-06-18 00:31:47,0.2500075,False,27.0,call,GM
GM220624C00037000,37.0,USD,0.02,0.0,0.0,0.0,0.0,0.0,REGULAR,2022-06-24 05:30:00,2022-06-18 00:29:45,0.2500075,False,35.0,call,GM
GM220624C00037500,37.5,USD,0.02,0.0,0.0,0.0,0.0,0.0,REGULAR,2022-06-24 05:30:00,2022-06-17 21:54:58,0.500005,False,15.0,call,GM
GM220624C00038000,38.0,USD,0.04,0.0,0.0,0.0,0.0,0.0,REGULAR,2022-06-24 05:30:00,2022-06-18 00:49:15,0.500005,False,123.0,call,GM
GM220624C00038500,38.5,USD,0.01,0.0,0.0,0.0,0.0,0.0,REGULAR,2022-06-24 05:30:00,2022-06-17 19:20:22,0.500005,False,10.0,call,GM
GM220624C00039000,39.0,USD,0.01,0.0,0.0,0.0,0.0,0.0,REGULAR,2022-06-24 05:30:00,2022-06-18 01:11:55,0.500005,False,3.0,call,GM
GM220624C00039500,39.5,USD,0.02,0.0,0.0,0.0,0.0,0.0,REGULAR,2022-06-24 05:30:00,2022-06-18 00:32:03,0.500005,False,5.0,call,GM
GM220624C00040000,40.0,USD,0.01,0.0,0.0,0.0,0.0,0.0,REGULAR,2022-06-24 05:30:00,2022-06-17 23:56:11,0.500005,False,49.0,call,GM
GM220624C00040500,40.5,USD,0.03,0.0,0.0,0.0,0.0,0.0,REGULAR,2022-06-24 05:30:00,2022-06-16 21:22:58,0.500005,False,13.0,call,GM
GM220624C00041000,41.0,USD,0.01,0.0,0.0,0.0,0.0,0.0,REGULAR,2022-06-24 05:30:00,2022-06-17 21:40:12,0.500005,False,1.0,call,GM
GM220624C00041500,41.5,USD,0.02,0.0,0.0,0.0,0.0,0.0,REGULAR,2022-06-24 05:30:00,2022-06-15 21:09:51,0.500005,False,8.0,call,GM
GM220624C00042000,42.0,USD,0.01,0.0,0.0,0.0,0.0,0.0,REGULAR,2022-06-24 05:30:00,2022-06-17 22:10:31,0.500005,False,3.0,call,GM
GM220624C00042500,42.5,USD,0.04,0.0,0.0,0.0,0.0,0.0,REGULAR,2022-06-24 05:30:00,2022-06-13 19:14:54,0.500005,False,3.0,call,GM
GM220624C00043000,43.0,USD,0.01,0.0,0.0,0.0,0.0,0.0,REGULAR,2022-06-24 05:30:00,2022-06-16 00:38:35,0.500005,False,28.0,call,GM
GM220624C00043500,43.5,USD,0.1,0.0,0.0,0.0,0.0,0.0,REGULAR,2022-06-24 05:30:00,2022-06-06 19:47:04,0.500005,False,,call,GM
GM220624C00044000,44.0,USD,0.01,0.0,0.0,0.0,0.0,0.0,REGULAR,2022-06-24 05:30:00,2022-06-17 19:00:17,0.500005,False,1.0,call,GM
GM220624C00045000,45.0,USD,0.02,0.0,0.0,0.0,0.0,0.0,REGULAR,2022-06-24 05:30:00,2022-06-14 23:08:35,0.500005,False,7.0,call,GM
GM220624C00046000,46.0,USD,0.02,0.0,0.0,0.0,0.0,0.0,REGULAR,2022-06-24 05:30:00,2022-06-14 23:33:13,0.500005,False,10.0,call,GM
GM220624C00047000,47.0,USD,0.06,0.0,0.0,70.0,0.0,0.02,REGULAR,2022-06-24 05:30:00,2022-05-19 00:53:05,1.4375028125,False,3.0,call,GM
GM220624C00048000,48.0,USD,0.03,0.0,0.0,0.0,0.0,0.0,REGULAR,2022-06-24 05:30:00,2022-06-02 22:02:02,0.500005,False,2.0,call,GM
GM220624C00049000,49.0,USD,0.07,0.0,0.0,33.0,0.0,0.03,REGULAR,2022-06-24 05:30:00,2022-05-17 23:38:57,1.65625171875,False,201.0,call,GM
GM220624C00050000,50.0,USD,0.02,0.0,0.0,0.0,0.0,0.0,REGULAR,2022-06-24 05:30:00,2022-06-03 19:17:21,0.500005,False,1.0,call,GM
GM220624C00051000,51.0,USD,0.03,0.0,0.0,108.0,0.0,0.03,REGULAR,2022-06-24 05:30:00,2022-05-18 01:00:08,1.78125109375,False,200.0,call,GM
GM220624C00052000,52.0,USD,0.02,0.0,0.0,104.0,0.0,0.03,REGULAR,2022-06-24 05:30:00,2022-05-17 22:32:17,1.8437507812499998,False,100.0,call,GM
GM220624P00020000,20.0,USD,0.06,0.0,0.0,0.0,0.0,0.0,REGULAR,2022-06-24 05:30:00,2022-06-13 20:25:29,0.500005,False,,put,GM
GM220624P00021000,21.0,USD,0.06,0.0,0.0,20.0,0.0,0.03,REGULAR,2022-06-24 05:30:00,2022-05-20 23:12:25,1.703126484375,False,20.0,put,GM
GM220624P00022000,22.0,USD,0.01,0.0,0.0,0.0,0.0,0.0,REGULAR,2022-06-24 05:30:00,2022-06-17 19:08:23,0.500005,False,10.0,put,GM
GM220624P00023000,23.0,USD,0.01,0.0,0.0,0.0,0.0,0.0,REGULAR,2022-06-24 05:30:00,2022-06-17 19:07:56,0.500005,False,10.0,put,GM
GM220624P00024000,24.0,USD,0.01,0.0,0.0,0.0,0.0,0.0,REGULAR,2022-06-24 05:30:00,2022-06-17 19:12:47,0.500005,False,25.0,put,GM
GM220624P00024500,24.5,USD,0.04,0.0,0.0,,0.0,0.0,REGULAR,2022-06-24 05:30:00,2022-06-17 20:02:08,0.500005,False,611.0,put,GM
GM220624P00025000,25.0,USD,0.01,0.0,0.0,0.0,0.0,0.0,REGULAR,2022-06-24 05:30:00,2022-06-17 23:55:25,0.500005,False,40.0,put,GM
GM220624P00025500,25.5,USD,0.04,0.0,0.0,,0.0,0.0,REGULAR,2022-06-24 05:30:00,2022-06-17 19:46:37,0.500005,False,5.0,put,GM
GM220624P00026000,26.0,USD,0.03,0.0,0.0,0.0,0.0,0.0,REGULAR,2022-06-24 05:30:00,2022-06-18 01:04:44,0.500005,False,90.0,put,GM
GM220624P00026500,26.5,USD,0.03,0.0,0.0,,0.0,0.0,REGULAR,2022-06-24 05:30:00,2022-06-17 23:51:35,0.500005,False,35.0,put,GM
GM220624P00027000,27.0,USD,0.04,0.0,0.0,0.0,0.0,0.0,REGULAR,2022-06-24 05:30:00,2022-06-18 01:22:04,0.500005,False,30.0,put,GM
GM220624P00028000,28.0,USD,0.08,0.0,0.0,0.0,0.0,0.0,REGULAR,2022-06-24 05:30:00,2022-06-18 01:29:11,0.2500075,False,41.0,put,GM
GM220624P00028500,28.5,USD,0.11,0.0,0.0,,0.0,0.0,REGULAR,2022-06-24 05:30:00,2022-06-18 01:29:20,0.2500075,False,45.0,put,GM
GM220624P00029000,29.0,USD,0.15,0.0,0.0,0.0,0.0,0.0,REGULAR,2022-06-24 05:30:00,2022-06-18 01:27:18,0.2500075,False,107.0,put,GM
GM220624P00029500,29.5,USD,0.21,0.0,0.0,0.0,0.0,0.0,REGULAR,2022-06-24 05:30:00,2022-06-18 01:28:30,0.2500075,False,177.0,put,GM
GM220624P00030000,30.0,USD,0.29,0.0,0.0,0.0,0.0,0.0,REGULAR,2022-06-24 05:30:00,2022-06-18 01:29:02,0.12500875,False,295.0,put,GM
GM220624P00030500,30.5,USD,0.38,0.0,0.0,0.0,0.0,0.0,REGULAR,2022-06-24 05:30:00,2022-06-18 01:25:54,0.12500875,False,356.0,put,GM
GM220624P00031000,31.0,USD,0.52,0.0,0.0,0.0,0.0,0.0,REGULAR,2022-06-24 05:30:00,2022-06-18 01:29:27,0.062509375,False,457.0,put,GM
GM220624P00031500,31.5,USD,0.69,0.0,0.0,0.0,0.0,0.0,REGULAR,2022-06-24 05:30:00,2022-06-18 01:29:15,0.0312596875,False,243.0,put,GM
GM220624P00032000,32.0,USD,0.93,0.0,0.0,0.0,0.0,0.0,REGULAR,2022-06-24 05:30:00,2022-06-18 01:22:07,1.0000000000000003e-05,True,617.0,put,GM
GM220624P00032500,32.5,USD,1.18,0.0,0.0,0.0,0.0,0.0,REGULAR,2022-06-24 05:30:00,2022-06-18 00:42:47,1.0000000000000003e-05,True,36.0,put,GM
GM220624P00033000,33.0,USD,1.42,0.0,0.0,0.0,0.0,0.0,REGULAR,2022-06-24 05:30:00,2022-06-18 01:10:42,1.0000000000000003e-05,True,81.0,put,GM
GM220624P00033500,33.5,USD,1.7,0.0,0.0,0.0,0.0,0.0,REGULAR,2022-06-24 05:30:00,2022-06-17 23:35:43,1.0000000000000003e-05,True,26.0,put,GM
GM220624P00034000,34.0,USD,2.28,0.0,0.0,0.0,0.0,0.0,REGULAR,2022-06-24 05:30:00,2022-06-18 01:22:12,1.0000000000000003e-05,True,34.0,put,GM
GM220624P00034500,34.5,USD,2.53,0.0,0.0,0.0,0.0,0.0,REGULAR,2022-06-24 05:30:00,2022-06-18 00:32:05,1.0000000000000003e-05,True,11.0,put,GM
GM220624P00035000,35.0,USD,2.88,0.0,0.0,0.0,0.0,0.0,REGULAR,2022-06-24 05:30:00,2022-06-18 00:01:57,1.0000000000000003e-05,True,37.0,put,GM
GM220624P00035500,35.5,USD,3.57,0.0,0.0,0.0,0.0,0.0,REGULAR,2022-06-24 05:30:00,2022-06-18 00:49:48,1.0000000000000003e-05,True,3.0,put,GM
GM220624P00036000,36.0,USD,3.98,0.0,0.0,0.0,0.0,0.0,REGULAR,2022-06-24 05:30:00,2022-06-18 01:10:46,1.0000000000000003e-05,True,10.0,put,GM
GM220624P00036500,36.5,USD,4.45,0.0,0.0,0.0,0.0,0.0,REGULAR,2022-06-24 05:30:00,2022-06-18 00:56:46,1.0000000000000003e-05,True,2.0,put,GM
GM220624P00037000,37.0,USD,4.98,0.0,0.0,0.0,0.0,0.0,REGULAR,2022-06-24 05:30:00,2022-06-18 01:08:49,1.0000000000000003e-05,True,46.0,put,GM
GM220624P00037500,37.5,USD,5.89,0.0,0.0,0.0,0.0,0.0,REGULAR,2022-06-24 05:30:00,2022-06-17 22:32:09,1.0000000000000003e-05,True,1.0,put,GM
GM220624P00038000,38.0,USD,6.09,0.0,0.0,0.0,0.0,0.0,REGULAR,2022-06-24 05:30:00,2022-06-17 23:25:02,1.0000000000000003e-05,True,12.0,put,GM
GM220624P00038500,38.5,USD,6.95,0.0,0.0,0.0,0.0,0.0,REGULAR,2022-06-24 05:30:00,2022-06-17 20:49:14,1.0000000000000003e-05,True,3.0,put,GM
GM220624P00039000,39.0,USD,6.77,0.0,0.0,0.0,0.0,0.0,REGULAR,2022-06-24 05:30:00,2022-06-17 23:44:38,1.0000000000000003e-05,True,11.0,put,GM
GM220624P00039500,39.5,USD,8.09,0.0,0.0,0.0,0.0,0.0,REGULAR,2022-06-24 05:30:00,2022-06-17 21:35:03,1.0000000000000003e-05,True,3.0,put,GM
GM220624P00040000,40.0,USD,7.98,0.0,0.0,0.0,0.0,0.0,REGULAR,2022-06-24 05:30:00,2022-06-18 00:51:42,1.0000000000000003e-05,True,2.0,put,GM
GM220624P00040500,40.5,USD,3.05,0.0,0.0,0.0,0.0,0.0,REGULAR,2022-06-24 05:30:00,2022-06-06 19:56:20,1.0000000000000003e-05,True,,put,GM
GM220624P00041000,41.0,USD,8.97,0.0,0.0,0.0,0.0,0.0,REGULAR,2022-06-24 05:30:00,2022-06-18 01:08:55,1.0000000000000003e-05,True,15.0,put,GM
GM220624P00041500,41.5,USD,9.65,0.0,0.0,0.0,0.0,0.0,REGULAR,2022-06-24 05:30:00,2022-06-16 19:51:35,1.0000000000000003e-05,True,4.0,put,GM
GM220624P00042000,42.0,USD,10.63,0.0,0.0,0.0,0.0,0.0,REGULAR,2022-06-24 05:30:00,2022-06-17 01:13:17,1.0000000000000003e-05,True,8.0,put,GM
GM220624P00043000,43.0,USD,11.35,0.0,0.0,0.0,0.0,0.0,REGULAR,2022-06-24 05:30:00,2022-06-17 22:17:51,1.0000000000000003e-05,True,2.0,put,GM
GM220624P00044000,44.0,USD,12.48,0.0,0.0,0.0,0.0,0.0,REGULAR,2022-06-24 05:30:00,2022-06-16 21:49:50,1.0000000000000003e-05,True,1.0,put,GM
GM220624P00045000,45.0,USD,13.35,0.0,0.0,0.0,0.0,0.0,REGULAR,2022-06-24 05:30:00,2022-06-17 19:58:02,1.0000000000000003e-05,True,5.0,put,GM
GM220624P00046000,46.0,USD,8.37,0.0,0.0,0.0,0.0,0.0,REGULAR,2022-06-24 05:30:00,2022-06-04 01:13:10,1.0000000000000003e-05,True,1.0,put,GM
GM220624P00047000,47.0,USD,15.39,0.0,0.0,0.0,0.0,0.0,REGULAR,2022-06-24 05:30:00,2022-06-17 22:14:35,1.0000000000000003e-05,True,13.0,put,GM
GM220624P00048000,48.0,USD,16.0,0.0,0.0,0.0,0.0,0.0,REGULAR,2022-06-24 05:30:00,2022-06-18 01:12:54,1.0000000000000003e-05,True,1.0,put,GM
GM220624P00049000,49.0,USD,17.4,0.0,0.0,0.0,0.0,0.0,REGULAR,2022-06-24 05:30:00,2022-06-17 19:20:45,1.0000000000000003e-05,True,2.0,put,GM
GM220624P00050000,50.0,USD,12.6,0.0,0.0,0.0,0.0,0.0,REGULAR,2022-06-24 05:30:00,2022-06-09 19:28:55,1.0000000000000003e-05,True,2.0,put,GM
GM220624P00051000,51.0,USD,13.65,0.0,0.0,0.0,0.0,0.0,REGULAR,2022-06-24 05:30:00,2022-06-07 19:58:18,1.0000000000000003e-05,True,1.0,put,GM
GM220624P00052000,52.0,USD,19.15,0.0,0.0,0.0,0.0,0.0,REGULAR,2022-06-24 05:30:00,2022-06-14 19:08:35,1.0000000000000003e-05,True,4.0,put,GM
GM220624P00055000,55.0,USD,15.92,0.0,0.0,0.0,0.0,0.0,REGULAR,2022-06-24 05:30:00,2022-06-02 21:32:46,1.0000000000000003e-05,True,1.0,put,GM
